,TRYB,US,Equity,,,
,Date,PX_OPEN,PX_HIGH,PX_LOW,PX_LAST,PX_VOLUME
,09/02/2003,10.2758,10.2758,10.2758,10.2758,300
TRYB,09/04/2003,10.2758,10.553,10.2758,10.553,772800
TRYB,09/05/2003,10.5148,10.9927,10.0369,10.3714,962800
TRYB,09/08/2003,10.467,10.5626,10.0942,10.1802,632800
TRYB,09/09/2003,10.1324,10.3332,10.0369,10.2854,171200
TRYB,09/10/2003,10.0464,10.7538,9.9986,10.6008,557800
TRYB,09/11/2003,10.5244,10.8111,10.5244,10.706,286400
TRYB,09/12/2003,10.706,10.8111,10.4957,10.7633,234000
TRYB,09/15/2003,10.8972,10.8972,10.467,10.62,69200
TRYB,09/16/2003,10.6486,10.8016,10.5339,10.7729,130600
TRYB,09/17/2003,10.6582,10.706,10.5626,10.6008,87200
TRYB,09/18/2003,10.5626,10.6104,10.2854,10.467,65000
TRYB,09/19/2003,10.3236,10.5913,10.0847,10.0847,650200
TRYB,09/22/2003,10.228,10.5626,10.228,10.4097,123900
TRYB,09/23/2003,10.3714,10.5148,10.3714,10.4766,57100
TRYB,09/24/2003,10.5722,10.6104,10.4192,10.4192,80800
TRYB,09/25/2003,10.3236,10.4383,10.0847,10.1133,74300
TRYB,09/26/2003,10.0847,10.1324,9.731,9.731,84300
TRYB,09/29/2003,9.7214,9.8839,9.7119,9.7119,85900
TRYB,09/30/2003,9.731,10.228,9.6545,9.9413,318800
TRYB,10/01/2003,10.0369,10.3905,9.9413,10.2376,79900
TRYB,10/02/2003,10.2376,10.381,10.1611,10.228,441200
TRYB,10/03/2003,10.2758,10.2949,10.1802,10.1802,35500
TRYB,10/06/2003,10.228,10.4097,9.9413,10.1324,102300
TRYB,10/07/2003,10.0369,10.3045,10.0369,10.2949,60100
TRYB,10/08/2003,10.2949,10.2949,9.9221,9.9699,58700
TRYB,10/09/2003,10.0369,10.4766,10.0177,10.2089,68900
TRYB,10/10/2003,10.1802,10.228,9.8648,9.9699,71900
TRYB,10/13/2003,9.9413,10.5148,9.9221,10.2472,50000
TRYB,10/14/2003,10.2472,10.5148,10.142,10.4192,26900
TRYB,10/15/2003,10.467,10.467,10.1229,10.1898,42100
TRYB,10/16/2003,10.1324,10.3619,10.1229,10.2758,21400
TRYB,10/17/2003,10.3714,10.3714,9.8935,10.1707,47600
TRYB,10/20/2003,10.1802,10.2949,9.7979,9.7979,56000
TRYB,10/21/2003,9.8457,10.1324,9.8074,9.9413,98500
TRYB,10/22/2003,9.8457,9.8935,9.7023,9.7023,50100
TRYB,10/23/2003,9.7214,9.8935,9.6832,9.7501,130700
TRYB,10/24/2003,9.7405,9.9986,9.731,9.903,39900
TRYB,10/27/2003,9.9986,10.3236,9.9699,10.1229,118000
TRYB,10/28/2003,10.2185,10.6582,10.142,10.6582,43000
TRYB,10/29/2003,10.6582,10.6582,10.3236,10.5148,98900
TRYB,10/30/2003,10.6104,10.6869,10.4001,10.4001,27700
TRYB,10/31/2003,10.4192,10.6008,10.1707,10.1898,36100
TRYB,11/03/2003,10.2854,10.8016,10.2854,10.5148,74300
TRYB,11/04/2003,10.467,10.9927,10.467,10.9545,73719
TRYB,11/05/2003,10.9067,11.0883,10.6582,10.8494,107600
TRYB,11/06/2003,10.945,11.3273,10.6964,11.3273,48000
TRYB,11/07/2003,11.5663,11.5663,11.2317,11.2986,248700
TRYB,11/10/2003,11.203,11.2413,10.9067,10.9736,323800
TRYB,11/11/2003,10.945,10.9927,10.7251,10.878,134700
TRYB,11/12/2003,10.9163,11.0405,10.7729,11.0405,138700
TRYB,11/13/2003,10.9927,11.7383,10.945,11.7383,62200
TRYB,11/14/2003,11.7383,11.7383,10.8494,10.8494,71300
TRYB,11/17/2003,10.8016,10.9163,10.6582,10.7633,102600
TRYB,11/18/2003,10.8589,10.945,10.62,10.7251,57400
TRYB,11/19/2003,10.8207,10.9927,10.7347,10.9736,28200
TRYB,11/20/2003,10.878,10.9927,10.5626,10.7538,96300
TRYB,11/21/2003,10.8494,10.9545,10.5626,10.6582,44200
TRYB,11/24/2003,10.7538,11.1744,10.7538,11.1744,51300
TRYB,11/25/2003,11.1266,11.1361,10.8398,10.878,36000
TRYB,11/26/2003,10.8972,11.1839,10.8494,10.878,32500
TRYB,11/28/2003,10.8016,11.2604,10.8016,11.0883,14100
TRYB,12/01/2003,11.1361,11.27,11.0883,11.1935,74300
TRYB,12/02/2003,11.2891,11.2986,10.9927,10.9927,38700
TRYB,12/03/2003,11.0405,11.1361,10.706,10.706,79900
TRYB,12/04/2003,10.6582,11.0405,10.467,10.9163,56000
TRYB,12/05/2003,10.8494,11.0023,10.6773,10.7538,229100
TRYB,12/08/2003,10.8494,10.8494,10.467,10.5052,73000
TRYB,12/09/2003,10.5626,10.706,10.3236,10.3236,119000
TRYB,12/10/2003,10.5148,10.706,10.1516,10.3523,60100
TRYB,12/11/2003,10.5626,10.9832,10.5626,10.8016,67600
TRYB,12/12/2003,10.8972,11.0405,10.706,10.9736,54200
TRYB,12/15/2003,11.0692,11.1552,10.4383,10.4383,70500
TRYB,12/16/2003,10.3619,10.945,10.2376,10.5435,36000
TRYB,12/17/2003,10.5148,10.6582,10.4288,10.6104,70400
TRYB,12/18/2003,10.5626,10.7347,10.5148,10.5148,44800
TRYB,12/19/2003,10.5244,10.5244,10.0751,10.1516,943900
TRYB,12/22/2003,10.1611,10.4192,9.9413,10.2089,68500
TRYB,12/23/2003,10.1133,10.467,9.9986,10.467,89100
TRYB,12/24/2003,9.9891,10.1802,9.9126,9.9126,16700
TRYB,12/26/2003,9.9126,10.2185,9.9126,10.1802,12500
TRYB,12/29/2003,10.228,10.3714,10.0369,10.0847,77200
TRYB,12/30/2003,10.1802,10.2472,9.9604,10.2472,110300
TRYB,12/31/2003,10.2758,10.5148,10.0847,10.3045,77900
TRYB,01/02/2004,10.4001,10.5148,10.1802,10.1802,48700
TRYB,01/05/2004,10.2758,10.9927,10.2758,10.8972,50000
TRYB,01/06/2004,10.945,10.945,10.228,10.228,80800
TRYB,01/07/2004,10.3236,10.4383,10.0369,10.381,40800
TRYB,01/08/2004,10.4192,10.4192,10.0847,10.228,132900
TRYB,01/09/2004,10.228,10.2758,9.9413,9.9413,31500
TRYB,01/12/2004,10.0369,10.3714,10.0369,10.3714,22800
TRYB,01/13/2004,10.4192,10.4957,10.1898,10.4957,52600
TRYB,01/14/2004,10.5722,10.5722,10.2758,10.4479,19200
TRYB,01/15/2004,10.5435,11.1744,10.4097,10.553,209800
TRYB,01/16/2004,10.6486,10.706,10.5626,10.706,215600
TRYB,01/20/2004,10.8016,11.0023,10.706,10.8016,101300
TRYB,01/21/2004,10.8494,10.8972,10.6582,10.6582,185000
TRYB,01/22/2004,10.7538,11.1361,10.706,11.1361,249400
TRYB,01/23/2004,11.1839,11.1839,10.8016,11.1361,214200
TRYB,01/26/2004,11.0883,11.1648,10.8972,11.1648,206100
TRYB,01/27/2004,11.1839,11.1839,10.9832,11.0023,99600
TRYB,01/28/2004,11.0979,11.117,10.8972,10.9354,88600
TRYB,01/29/2004,10.9927,11.1457,10.945,11.0883,125100
TRYB,01/30/2004,11.0883,11.1744,10.8972,11.0883,116200
TRYB,02/02/2004,11.1839,11.1839,10.7347,10.8972,51900
TRYB,02/03/2004,10.8972,10.9927,10.8972,10.9927,169000
TRYB,02/04/2004,10.945,10.9927,10.8494,10.878,241600
TRYB,02/05/2004,10.878,10.9927,10.8016,10.9641,138100
TRYB,02/06/2004,11.0597,11.0597,10.8494,10.945,49500
TRYB,02/09/2004,10.945,10.9927,10.8016,10.8302,329800
TRYB,02/10/2004,10.8972,11.1361,10.706,11.0883,128900
TRYB,02/11/2004,11.0883,11.0883,10.8972,11.0788,149400
TRYB,02/12/2004,11.0119,11.0405,10.8494,10.9927,130400
TRYB,02/13/2004,11.0883,11.0883,10.7633,10.8972,195900
TRYB,02/17/2004,10.8494,11.0405,10.8494,10.945,47900
TRYB,02/18/2004,11.0214,11.1361,10.7538,10.7538,69400
TRYB,02/19/2004,10.8207,10.878,10.4192,10.4192,62400
TRYB,02/20/2004,10.3714,10.7825,10.3714,10.5913,57300
TRYB,02/23/2004,10.6869,10.7347,10.3141,10.5148,114400
TRYB,02/24/2004,10.5626,10.7729,10.4861,10.706,81900
TRYB,02/25/2004,10.7538,10.8685,10.381,10.8685,67700
TRYB,02/26/2004,10.8685,10.8685,10.5913,10.6486,125900
TRYB,02/27/2004,10.553,10.792,10.5148,10.6104,48800
TRYB,03/01/2004,10.5626,10.7538,10.4957,10.7538,201800
TRYB,03/02/2004,10.706,10.7347,10.4383,10.4479,925600
TRYB,03/03/2004,10.4479,10.6582,10.3714,10.6104,175400
TRYB,03/04/2004,10.6295,10.8398,10.467,10.8207,166700
TRYB,03/05/2004,10.7251,10.945,10.5148,10.6104,46700
TRYB,03/08/2004,10.6582,10.8972,10.6486,10.8016,49800
TRYB,03/09/2004,10.7538,10.8972,10.6582,10.8016,59300
TRYB,03/10/2004,10.8494,10.9927,10.6869,10.6869,57500
TRYB,03/11/2004,10.6104,11.4133,10.6104,11.0023,202800
TRYB,03/12/2004,10.9927,11.3369,10.8016,11.3369,90000
TRYB,03/15/2004,11.2795,11.2795,10.8494,11.0119,104600
TRYB,03/16/2004,11.1075,11.1075,10.1611,10.5052,185700
TRYB,03/17/2004,10.5626,10.7825,10.5626,10.706,246700
TRYB,03/18/2004,10.7538,10.8207,10.3236,10.467,94700
TRYB,03/19/2004,10.5626,10.5626,10.1324,10.2089,137300
TRYB,03/22/2004,10.2758,10.3332,9.8552,9.8552,116900
TRYB,03/23/2004,9.8648,10.0751,9.6545,9.6641,164900
TRYB,03/24/2004,9.6641,9.7405,9.5111,9.6641,98200
TRYB,03/25/2004,9.6641,10.1324,9.5685,9.9891,65200
TRYB,03/26/2004,10.0369,10.0369,9.6927,9.9604,47900
TRYB,03/29/2004,9.9891,10.3141,9.9126,10.3141,75800
TRYB,03/30/2004,10.2758,10.3236,9.9317,10.1707,88800
TRYB,03/31/2004,10.1898,10.4766,9.9986,10.4766,68100
TRYB,04/01/2004,10.4766,10.6391,10.0369,10.3236,133800
TRYB,04/02/2004,10.3714,10.4097,10.1898,10.2758,105700
TRYB,04/05/2004,10.2854,10.5244,10.2089,10.5244,97800
TRYB,04/06/2004,10.467,10.5052,10.2089,10.3714,104000
TRYB,04/07/2004,10.3236,10.4383,10.1898,10.3523,109900
TRYB,04/08/2004,10.4192,10.4192,10.1516,10.228,176600
TRYB,04/12/2004,10.228,10.3332,10.1324,10.2949,56300
TRYB,04/13/2004,10.2949,10.2949,9.6832,9.8074,400700
TRYB,04/14/2004,9.7501,9.9221,9.7501,9.903,693100
TRYB,04/15/2004,9.8744,9.9221,9.731,9.731,40500
TRYB,04/16/2004,9.7788,10.1802,9.7119,9.9413,39600
TRYB,04/19/2004,9.9413,10.2758,9.9413,10.142,61600
TRYB,04/20/2004,10.228,10.3236,9.9699,9.9986,72800
TRYB,04/21/2004,9.9891,10.1994,9.8935,10.1994,51400
TRYB,04/22/2004,10.2185,10.5052,10.2185,10.4192,45500
TRYB,04/23/2004,10.4192,10.4192,10.1324,10.2376,54800
TRYB,04/26/2004,10.2376,10.4097,10.1611,10.2185,25800
TRYB,04/27/2004,10.2185,10.3714,10.1611,10.228,208700
TRYB,04/28/2004,10.1611,10.3332,10.0369,10.0847,83700
TRYB,04/29/2004,10.0847,10.1707,10.0177,10.0655,65500
TRYB,04/30/2004,10.0655,10.2949,9.9891,9.9891,65000
TRYB,05/03/2004,10.0369,10.2854,9.9699,10.1802,40700
TRYB,05/04/2004,10.0847,10.4574,10.0847,10.3332,76100
TRYB,05/05/2004,10.3714,10.5626,10.2663,10.5148,58000
TRYB,05/06/2004,10.467,10.4766,10.1324,10.3236,71400
TRYB,05/07/2004,10.3045,10.3714,10.1324,10.1324,54900
TRYB,05/10/2004,10.0369,10.1994,9.8266,9.8266,242300
TRYB,05/11/2004,9.8457,9.8457,9.7788,9.817,132900
TRYB,05/12/2004,9.7692,10.4861,9.6545,10.4574,98400
TRYB,05/13/2004,10.4479,10.4574,9.9604,9.9604,22200
TRYB,05/14/2004,9.9604,10.5339,9.9604,10.1802,60700
TRYB,05/17/2004,10.0847,10.0847,9.7214,9.7214,51000
TRYB,05/18/2004,9.7501,9.9891,9.7214,9.9891,35800
TRYB,05/19/2004,10.228,10.2758,9.9413,10.2089,286800
TRYB,05/20/2004,10.1994,10.1994,9.9795,9.9795,101000
TRYB,05/21/2004,10.1324,10.142,9.8744,10.142,47400
TRYB,05/24/2004,10.2376,10.4192,10.0082,10.4192,45300
TRYB,05/25/2004,10.4192,10.6391,10.2376,10.6391,95100
TRYB,05/26/2004,10.6391,10.6582,10.1802,10.2758,48700
TRYB,05/27/2004,10.2758,10.4001,10.228,10.3141,64600
TRYB,05/28/2004,10.3427,10.467,10.228,10.2376,140300
TRYB,06/01/2004,10.1133,10.2663,9.7596,9.9413,229900
TRYB,06/02/2004,9.9508,10.228,9.8839,10.228,21600
TRYB,06/03/2004,10.1802,10.2758,9.9986,10.0177,44300
TRYB,06/04/2004,10.1133,10.1802,9.9317,9.9317,36100
TRYB,06/07/2004,10.0273,10.2854,9.9891,10.228,67000
TRYB,06/08/2004,10.2089,10.2472,10.0847,10.0847,31500
TRYB,06/09/2004,10.1802,10.2089,9.6449,9.6449,88300
TRYB,06/10/2004,9.7023,9.8457,9.6067,9.6832,161100
TRYB,06/14/2004,9.6163,9.7023,9.4633,9.492,188800
TRYB,06/15/2004,9.5876,9.6067,9.406,9.4155,162600
TRYB,06/16/2004,9.4442,9.5111,9.4155,9.5111,101900
TRYB,06/17/2004,9.5111,9.5589,9.2435,9.5302,227200
TRYB,06/18/2004,9.5589,9.578,9.4633,9.5398,290200
TRYB,06/21/2004,9.5111,9.5685,9.4538,9.4729,420500
TRYB,06/22/2004,9.4729,9.5494,9.4538,9.5111,134400
TRYB,06/23/2004,9.4633,9.5494,9.4633,9.5207,62400
TRYB,06/24/2004,9.5207,9.5494,9.4442,9.5207,138000
TRYB,06/25/2004,9.5111,9.7596,9.4155,9.7596,338700
TRYB,06/28/2004,9.7023,9.731,9.5111,9.6067,110500
TRYB,06/29/2004,9.6258,9.8457,9.5111,9.8457,160200
TRYB,06/30/2004,9.8744,9.9221,9.7214,9.7214,103400
TRYB,07/01/2004,9.817,9.9413,9.6927,9.6927,168300
TRYB,07/02/2004,9.6927,9.8457,9.6641,9.6641,71400
TRYB,07/06/2004,9.6067,9.6545,9.5207,9.5589,211900
TRYB,07/07/2004,9.6545,9.8361,9.5589,9.5589,78500
TRYB,07/08/2004,9.5589,9.7596,9.4633,9.4633,138100
TRYB,07/09/2004,9.5111,9.5589,9.4633,9.4633,38000
TRYB,07/12/2004,9.4729,9.5589,9.3869,9.3869,50600
TRYB,07/13/2004,9.4155,9.6832,9.406,9.4346,86700
TRYB,07/14/2004,9.4155,9.7501,9.4155,9.7023,97700
TRYB,07/15/2004,9.6545,9.7788,9.5111,9.7692,54400
TRYB,07/16/2004,9.7023,9.8361,9.4155,9.4251,70700
TRYB,07/19/2004,9.4155,9.6163,9.4155,9.5589,56500
TRYB,07/20/2004,9.6545,9.7023,9.5494,9.7023,33700
TRYB,07/21/2004,9.6545,9.6545,9.3677,9.3677,77400
TRYB,07/22/2004,9.2721,9.578,9.2721,9.4633,63900
TRYB,07/23/2004,9.5111,9.5398,9.3677,9.3677,50600
TRYB,07/26/2004,9.4155,9.4824,9.2817,9.3677,68600
TRYB,07/27/2004,9.4155,9.6545,9.4155,9.6258,46600
TRYB,07/28/2004,9.5302,9.6545,9.3677,9.578,64400
TRYB,07/29/2004,9.5589,9.578,9.2243,9.5685,94000
TRYB,07/30/2004,9.4729,9.5016,9.3295,9.3295,129900
TRYB,08/02/2004,9.2721,9.5589,9.253,9.5111,102500
TRYB,08/03/2004,9.4633,9.4633,9.3486,9.4633,105200
TRYB,08/04/2004,9.4346,9.6449,9.3295,9.6067,176900
TRYB,08/05/2004,9.5589,9.6545,9.3677,9.3773,53700
TRYB,08/06/2004,9.3677,9.3677,9.2243,9.2721,110600
TRYB,08/09/2004,9.2817,9.4633,9.2817,9.406,128100
TRYB,08/10/2004,9.4155,9.4155,9.2435,9.3677,189100
TRYB,08/11/2004,9.2913,9.5398,9.2435,9.5398,112200
TRYB,08/12/2004,9.4442,9.4538,9.253,9.3199,89600
TRYB,08/13/2004,9.4155,9.4155,9.2243,9.2339,90900
TRYB,08/16/2004,9.2721,9.3677,9.2052,9.3008,39700
TRYB,08/17/2004,9.3486,9.3964,9.1957,9.3199,42400
TRYB,08/18/2004,9.2435,9.4633,9.2148,9.3677,73900
TRYB,08/19/2004,9.3199,9.5016,9.2721,9.4251,73100
TRYB,08/20/2004,9.4633,9.8457,9.4155,9.8457,34100
TRYB,08/23/2004,9.9413,9.9413,9.6641,9.7596,84500
TRYB,08/24/2004,9.8552,9.9413,9.7023,9.9413,36700
TRYB,08/25/2004,9.8935,9.8935,9.7214,9.7979,41600
TRYB,08/26/2004,9.7501,10.0273,9.7501,10.0082,30800
TRYB,08/27/2004,9.9413,10.0751,9.9221,10.0751,95200
TRYB,08/30/2004,9.9891,10.2854,9.9508,10.2663,37800
TRYB,08/31/2004,10.3619,10.6008,10.2949,10.6008,70900
TRYB,09/01/2004,10.4574,10.5148,10.3236,10.4192,142200
TRYB,09/02/2004,10.4766,10.6008,10.4479,10.5435,42900
TRYB,09/03/2004,10.6391,10.6964,10.5052,10.6104,70900
TRYB,09/07/2004,10.6104,10.6104,10.1324,10.4288,231700
TRYB,09/08/2004,10.4288,10.4957,10.3141,10.3236,150300
TRYB,09/09/2004,10.3714,10.8016,10.3714,10.7538,154500
TRYB,09/10/2004,10.706,10.8876,10.4957,10.7538,42300
TRYB,09/13/2004,10.7538,10.7538,10.6295,10.7347,55700
TRYB,09/14/2004,10.6582,10.8494,10.5339,10.7633,38300
TRYB,09/15/2004,10.8016,10.8494,10.6486,10.6677,21300
TRYB,09/16/2004,10.7347,11.1839,10.7347,11.1839,43200
TRYB,09/17/2004,11.1839,11.1839,10.6773,11.0883,214900
TRYB,09/20/2004,11.0883,11.0883,10.5148,10.792,40400
TRYB,09/21/2004,10.792,11.0692,10.706,11.0692,54900
TRYB,09/22/2004,10.9736,10.9832,10.5913,10.5913,709800
TRYB,09/23/2004,10.6869,10.706,10.5435,10.5626,77800
TRYB,09/24/2004,10.5626,10.7729,10.5626,10.706,219300
TRYB,09/27/2004,10.6582,10.7825,10.4766,10.5722,50500
TRYB,09/28/2004,10.5817,10.7633,10.5817,10.7538,26300
TRYB,09/29/2004,10.7538,11.3273,10.6391,11.3273,70900
TRYB,09/30/2004,11.2317,11.2317,10.8972,10.9641,55000
TRYB,10/01/2004,11.0119,11.0883,10.8111,11.0405,89500
TRYB,10/04/2004,11.0023,11.0023,10.878,10.8972,30700
TRYB,10/05/2004,10.8016,11.0788,10.7538,11.0405,95600
TRYB,10/06/2004,11.0883,11.0979,10.9545,11.0023,107300
TRYB,10/07/2004,10.945,11.0883,10.8016,10.8016,47500
TRYB,10/08/2004,10.8016,11.0883,10.381,10.381,65400
TRYB,10/11/2004,10.4766,10.7442,10.4766,10.6582,53500
TRYB,10/12/2004,10.5626,10.706,10.5626,10.6295,67500
TRYB,10/13/2004,10.7251,10.8016,10.4574,10.4574,44000
TRYB,10/14/2004,10.4192,10.5626,10.3427,10.3427,96600
TRYB,10/15/2004,10.3523,10.706,10.3523,10.4383,57800
TRYB,10/18/2004,10.4383,10.6964,10.3236,10.5244,26800
TRYB,10/19/2004,10.62,10.8016,10.3905,10.3905,48200
TRYB,10/20/2004,10.2949,10.4766,10.2663,10.4192,22900
TRYB,10/21/2004,10.467,10.706,10.2854,10.6964,41600
TRYB,10/22/2004,10.6582,10.6773,10.2758,10.3332,62600
TRYB,10/25/2004,10.2854,10.6104,10.2854,10.5148,106400
TRYB,10/26/2004,10.5244,10.5626,10.467,10.5052,62200
TRYB,10/27/2004,10.5913,10.792,10.4957,10.792,74400
TRYB,10/28/2004,10.7442,10.7538,10.5913,10.7538,19000
TRYB,10/29/2004,10.706,10.9736,10.5626,10.9258,76800
TRYB,11/01/2004,10.9258,10.945,10.792,10.8876,22100
TRYB,11/02/2004,10.945,11.1744,10.6869,10.7442,67900
TRYB,11/03/2004,10.8398,11.1266,10.8398,11.0883,66400
TRYB,11/04/2004,11.0883,11.6619,11.0597,11.6619,139900
TRYB,11/05/2004,11.4707,11.853,11.3751,11.853,688400
TRYB,11/08/2004,11.853,11.9008,11.7575,11.8053,170900
TRYB,11/09/2004,11.7575,11.9104,11.7192,11.7288,78500
TRYB,11/10/2004,11.7383,11.9486,11.7383,11.9295,84400
TRYB,11/11/2004,11.9486,11.9486,11.8817,11.9486,355500
TRYB,11/12/2004,11.9486,12.1016,11.9391,11.9869,130900
TRYB,11/15/2004,12.0825,12.2641,11.9964,12.2067,89000
TRYB,11/16/2004,12.1111,12.2354,12.0442,12.0442,99900
TRYB,11/17/2004,12.1398,12.3119,12.1398,12.1876,267100
TRYB,11/18/2004,12.1876,12.1876,12.0251,12.0825,315300
TRYB,11/19/2004,12.0633,12.1781,11.8339,11.853,321900
TRYB,11/22/2004,11.9486,12.0251,11.8148,11.853,155100
TRYB,11/23/2004,11.9008,11.9486,11.7575,11.8913,159600
TRYB,11/24/2004,11.8817,12.1781,11.8435,12.0347,282100
TRYB,11/26/2004,12.0825,12.2832,12.0825,12.092,13600
TRYB,11/29/2004,12.1494,12.2736,11.9582,11.9869,273300
TRYB,11/30/2004,12.0347,12.331,11.9725,12.1876,226000
TRYB,12/01/2004,12.2067,12.3023,11.7097,11.7097,272000
TRYB,12/02/2004,11.7575,12.245,11.7575,12.0442,166600
TRYB,12/03/2004,11.9964,12.0633,11.8435,11.8435,164800
TRYB,12/06/2004,11.8148,11.9486,11.7575,11.8722,65400
TRYB,12/07/2004,11.8722,11.9964,11.6045,11.6141,195600
TRYB,12/08/2004,11.7097,11.9486,11.7097,11.8148,51300
TRYB,12/09/2004,11.7575,11.7575,10.6104,11.1266,155600
TRYB,12/10/2004,11.0883,11.3464,11.0883,11.2604,99300
TRYB,12/13/2004,11.2604,11.3847,11.2413,11.2508,76500
TRYB,12/14/2004,11.2986,11.4803,11.2795,11.3942,155600
TRYB,12/15/2004,11.3273,11.4994,11.0788,11.4516,223100
TRYB,12/16/2004,11.3751,11.4898,11.1839,11.4803,101500
TRYB,12/17/2004,11.528,11.5854,11.2986,11.5854,82600
TRYB,12/20/2004,11.6141,11.6141,11.2317,11.3082,56300
TRYB,12/21/2004,11.356,11.4611,11.2795,11.4516,47700
TRYB,12/22/2004,11.4229,11.528,11.2986,11.4803,38800
TRYB,12/23/2004,11.595,11.6141,11.3751,11.3751,40400
TRYB,12/27/2004,11.4707,11.8339,11.3273,11.3751,55600
TRYB,12/28/2004,11.3655,11.681,11.1839,11.6332,77500
TRYB,12/29/2004,11.5663,11.7575,11.4229,11.6619,48400
TRYB,12/30/2004,11.5663,11.7097,11.5185,11.5376,29700
TRYB,12/31/2004,11.6141,11.7383,11.4325,11.7192,38900
TRYB,01/03/2005,11.0883,11.8053,11.0883,11.4994,150200
TRYB,01/04/2005,11.5185,11.7766,11.4803,11.5472,326600
TRYB,01/05/2005,11.4898,11.5663,11.2317,11.2604,128400
TRYB,01/06/2005,11.2891,11.6523,11.2795,11.4707,119800
TRYB,01/07/2005,11.4898,11.7479,11.4707,11.528,114300
TRYB,01/10/2005,11.4707,11.6141,11.442,11.442,169100
TRYB,01/11/2005,11.3751,11.6141,11.3751,11.3847,105600
TRYB,01/12/2005,11.4038,11.5089,11.2222,11.4229,114300
TRYB,01/13/2005,11.4707,11.4898,11.2891,11.3178,65500
TRYB,01/14/2005,11.4133,11.4898,11.27,11.4133,44100
TRYB,01/18/2005,11.4133,11.6428,11.4133,11.5567,46600
TRYB,01/19/2005,11.853,13.22,11.853,12.7898,846800
TRYB,01/20/2005,12.7898,13.6406,12.6942,13.3442,262800
TRYB,01/21/2005,13.3538,13.5354,13.2678,13.5259,142400
TRYB,01/24/2005,13.5545,13.717,13.5354,13.6692,318700
TRYB,01/25/2005,13.6788,13.87,13.6788,13.8604,277000
TRYB,01/26/2005,13.87,13.9369,13.8031,13.9369,98000
TRYB,01/27/2005,13.8604,14.0707,13.8126,14.0612,794100
TRYB,01/28/2005,13.87,14.0325,13.8317,13.956,123400
TRYB,01/31/2005,14.0516,14.1185,14.0038,14.0994,126500
TRYB,02/01/2005,14.109,14.3384,14.0612,14.3384,209600
TRYB,02/02/2005,14.3384,14.3766,14.2715,14.3384,133500
TRYB,02/03/2005,14.3384,14.3575,14.1759,14.3479,139200
TRYB,02/04/2005,14.3097,14.434,14.2619,14.434,77000
TRYB,02/07/2005,14.3862,14.7207,14.3384,14.5773,251700
TRYB,02/08/2005,14.5869,14.6729,14.3575,14.6538,76500
TRYB,02/09/2005,14.6538,14.6538,14.3097,14.3862,100200
TRYB,02/10/2005,14.3862,14.4722,14.3384,14.4722,56800
TRYB,02/11/2005,14.3766,14.5773,14.3001,14.4913,92700
TRYB,02/14/2005,14.5295,14.5295,14.3766,14.434,157100
TRYB,02/15/2005,14.5009,14.5009,14.3766,14.4244,53900
TRYB,02/16/2005,14.4053,14.5773,14.3862,14.5773,100500
TRYB,02/17/2005,14.5773,14.5773,14.367,14.3957,45700
TRYB,02/18/2005,14.434,14.5009,14.2428,14.2906,343200
TRYB,02/22/2005,14.2906,14.2906,13.7266,13.7266,214600
TRYB,02/23/2005,13.7648,14.0038,13.7648,13.956,107100
TRYB,02/24/2005,13.9656,14.1759,13.7935,14.1472,67200
TRYB,02/25/2005,14.1472,14.281,14.1472,14.2619,77300
TRYB,02/28/2005,14.2906,14.4148,14.2045,14.3384,102200
TRYB,03/01/2005,14.2141,14.4913,14.2141,14.4626,105800
TRYB,03/02/2005,14.3862,14.4722,14.2141,14.3862,213700
TRYB,03/03/2005,14.434,14.4913,14.3862,14.3862,71000
TRYB,03/04/2005,14.434,14.5965,14.4148,14.5582,41800
TRYB,03/07/2005,14.5582,14.5773,14.3862,14.3957,48100
TRYB,03/08/2005,14.3862,14.5009,14.3766,14.4053,55400
TRYB,03/09/2005,14.3097,14.5582,14.195,14.4435,61900
TRYB,03/10/2005,14.4053,14.4148,13.9465,13.9751,49500
TRYB,03/11/2005,13.9656,13.9751,13.7362,13.7648,78900
TRYB,03/14/2005,13.7553,14.1185,13.7553,14.0994,66600
TRYB,03/15/2005,14.1281,14.1376,13.9178,13.9369,55200
TRYB,03/16/2005,13.8987,14.0994,13.8604,14.0325,59000
TRYB,03/17/2005,14.0803,14.0803,13.8222,13.9273,120600
TRYB,03/18/2005,14.0229,14.0229,13.6214,13.6692,354700
TRYB,03/21/2005,13.717,13.9273,13.4303,13.5641,125300
TRYB,03/22/2005,13.4781,13.7648,13.4303,13.631,162000
TRYB,03/23/2005,13.5737,13.5832,13.0384,13.0479,141900
TRYB,03/24/2005,13.0575,13.2391,13.0288,13.0766,97100
TRYB,03/28/2005,13.0288,13.0479,12.7898,13.0192,92400
TRYB,03/29/2005,12.9236,13.0957,12.6178,12.7229,111300
TRYB,03/30/2005,12.7325,13.0288,12.7325,12.9906,117400
TRYB,03/31/2005,12.9906,13.22,12.7611,13.22,258000
TRYB,04/01/2005,13.1817,13.1817,12.5986,12.9045,112800
TRYB,04/04/2005,12.9045,13.1435,12.8089,13.1435,104600
TRYB,04/05/2005,13.0957,13.0957,12.8854,13.0479,143600
TRYB,04/06/2005,13.0957,13.1435,12.7325,12.7325,200900
TRYB,04/07/2005,12.742,13.1435,12.6751,13.0766,84900
TRYB,04/08/2005,13.0575,13.1626,12.9045,13.1626,142500
TRYB,04/11/2005,13.0957,13.0957,12.9045,13.0001,103700
TRYB,04/12/2005,12.9045,13.0957,12.8185,12.981,110500
TRYB,04/13/2005,13.0766,13.2104,13.0001,13.1053,207400
TRYB,04/14/2005,13.0957,13.2391,13.0001,13.0479,131600
TRYB,04/15/2005,13.0575,13.1148,12.8472,12.8472,96700
TRYB,04/18/2005,12.8472,13.22,12.7803,13.0957,76200
TRYB,04/19/2005,13.0957,13.3729,13.0479,13.3634,110000
TRYB,04/20/2005,13.2678,13.2678,12.9523,13.0479,92500
TRYB,04/21/2005,13.1053,13.392,13.0766,13.392,72500
TRYB,04/22/2005,13.2964,13.306,12.6178,12.6464,87000
TRYB,04/25/2005,12.7229,12.8567,12.4266,12.4266,138300
TRYB,04/26/2005,12.4361,12.656,12.1876,12.2832,142100
TRYB,04/27/2005,12.2354,12.5317,12.1016,12.3501,103200
TRYB,04/28/2005,12.3214,12.331,11.9964,12.0156,73500
TRYB,04/29/2005,12.1111,12.3406,11.8148,12.2736,108000
TRYB,05/02/2005,12.2832,12.4266,12.1876,12.3883,98000
TRYB,05/03/2005,12.3023,12.3788,12.1398,12.3214,74300
TRYB,05/04/2005,12.3406,12.4457,12.2067,12.3883,72100
TRYB,05/05/2005,12.3883,12.6369,12.3214,12.4744,94400
TRYB,05/06/2005,12.57,12.6369,12.4553,12.5031,92300
TRYB,05/09/2005,12.5126,12.5986,12.4266,12.5222,54500
TRYB,05/10/2005,12.4266,12.6464,12.3692,12.5891,83200
TRYB,05/11/2005,12.6273,12.6369,12.3788,12.5126,33000
TRYB,05/12/2005,12.6082,12.6082,12.3023,12.3883,41400
TRYB,05/13/2005,12.3979,12.3979,11.8244,12.0633,58600
TRYB,05/16/2005,12.1016,12.245,11.9008,12.1589,52300
TRYB,05/17/2005,12.1589,12.3023,11.853,12.2354,47400
TRYB,05/18/2005,12.2832,12.5891,12.1876,12.5891,78500
TRYB,05/19/2005,12.6847,12.6847,12.4648,12.656,107200
TRYB,05/20/2005,12.6656,12.7611,12.4744,12.6273,97500
TRYB,05/23/2005,12.7229,12.8376,12.57,12.7325,61500
TRYB,05/24/2005,12.6369,12.6847,12.4266,12.57,42400
TRYB,05/25/2005,12.5509,12.6082,12.3883,12.4361,44300
TRYB,05/26/2005,12.4457,12.7898,12.4457,12.7898,28500
TRYB,05/27/2005,12.8567,12.8567,12.5222,12.6082,34900
TRYB,05/31/2005,12.8854,14.195,12.8854,13.7648,152800
TRYB,06/01/2005,13.7839,14.109,13.7266,13.7553,120500
TRYB,06/02/2005,13.8509,13.8604,13.6119,13.6406,149700
TRYB,06/03/2005,13.6692,13.8126,13.4589,13.545,44400
TRYB,06/06/2005,13.5737,13.8509,13.5737,13.7744,32400
TRYB,06/07/2005,13.7744,13.956,13.3729,13.3729,58800
TRYB,06/08/2005,13.4685,13.8604,13.392,13.5163,72600
TRYB,06/09/2005,13.545,13.7648,13.2869,13.717,59600
TRYB,06/10/2005,13.717,13.7266,13.4876,13.5737,36600
TRYB,06/13/2005,13.4781,13.9178,13.4589,13.87,140100
TRYB,06/14/2005,13.7839,13.8795,13.5737,13.8509,120300
TRYB,06/15/2005,13.87,13.87,13.5259,13.6597,93500
TRYB,06/16/2005,13.6119,13.9369,13.6119,13.8604,135700
TRYB,06/17/2005,13.87,14.0994,13.6788,13.7744,304000
TRYB,06/20/2005,13.6788,13.717,13.4398,13.6884,48100
TRYB,06/21/2005,13.6979,13.6979,13.4781,13.4876,38300
TRYB,06/22/2005,13.5641,13.6692,13.4398,13.5928,54700
TRYB,06/23/2005,13.6119,13.631,13.2009,13.2009,55900
TRYB,06/24/2005,13.1435,13.2582,12.6369,12.6369,293600
TRYB,06/27/2005,12.8567,13.067,12.8567,12.981,65100
TRYB,06/28/2005,12.9906,13.6119,12.9906,13.6023,220800
TRYB,06/29/2005,13.6214,13.7457,13.4494,13.717,61600
TRYB,06/30/2005,13.6884,14.6634,13.6788,14.2045,164200
TRYB,07/01/2005,14.2045,14.434,14.1472,14.2428,49600
TRYB,07/05/2005,14.1472,14.2906,14.0134,14.2141,80500
TRYB,07/06/2005,14.1185,14.2906,13.9369,14.2141,104000
TRYB,07/07/2005,14.1185,14.3288,13.87,14.1472,79800
TRYB,07/08/2005,14.195,14.2428,14.0994,14.1567,153400
TRYB,07/11/2005,14.1663,14.4818,14.0516,14.0994,291500
TRYB,07/12/2005,14.1281,14.2906,14.0134,14.0134,106300
TRYB,07/13/2005,14.195,14.3479,14.0516,14.3097,85700
TRYB,07/14/2005,14.4053,14.5009,14.195,14.2523,48700
TRYB,07/15/2005,14.2619,14.4818,14.2619,14.3384,115100
TRYB,07/18/2005,14.4053,14.4818,14.1376,14.1376,88300
TRYB,07/19/2005,14.2332,14.4435,14.2332,14.3192,79100
TRYB,07/20/2005,14.2428,14.4913,14.2141,14.3575,130300
TRYB,07/21/2005,14.3575,14.434,14.1472,14.195,62700
TRYB,07/22/2005,14.0994,14.4818,14.0516,14.4818,372300
TRYB,07/25/2005,14.4818,14.7685,14.3384,14.3384,639900
TRYB,07/26/2005,14.4818,15.1987,14.2428,15.1509,718200
TRYB,07/27/2005,15.1987,15.1987,14.8641,15.0553,268900
TRYB,07/28/2005,15.0648,15.1031,15.0075,15.0075,124300
TRYB,07/29/2005,14.9597,15.1987,14.9597,15.017,112600
TRYB,08/01/2005,15.1987,15.256,14.9406,15.1031,142100
TRYB,08/02/2005,15.1031,15.1031,14.9215,15.017,136400
TRYB,08/03/2005,15.017,15.0648,14.8259,14.8354,59400
TRYB,08/04/2005,14.8259,15.0553,14.7303,14.9597,191500
TRYB,08/05/2005,14.8641,14.8641,14.4818,14.6251,104400
TRYB,08/08/2005,14.7398,14.8163,14.3479,14.4722,73300
TRYB,08/09/2005,14.5009,14.5773,14.367,14.3862,46300
TRYB,08/10/2005,14.5009,14.7207,14.3384,14.5487,84100
TRYB,08/11/2005,14.5295,14.759,14.3862,14.6729,93300
TRYB,08/12/2005,14.5773,14.6156,14.3862,14.4435,64700
TRYB,08/15/2005,14.3862,14.5965,14.2715,14.5678,82700
TRYB,08/16/2005,14.4913,14.4913,14.195,14.3575,115000
TRYB,08/17/2005,14.2428,14.4148,14.2045,14.2332,87200
TRYB,08/18/2005,14.2045,14.5295,14.0707,14.195,133000
TRYB,08/19/2005,14.195,14.2141,14.0516,14.0707,83600
TRYB,08/22/2005,14.1663,14.4818,14.1281,14.3479,71800
TRYB,08/23/2005,14.3575,14.4913,14.0994,14.3001,57500
TRYB,08/24/2005,14.2045,14.4531,14.0994,14.1759,68700
TRYB,08/25/2005,14.2715,15.2943,13.9178,14.3192,68600
TRYB,08/26/2005,14.3479,14.3479,13.9082,14.0038,78200
TRYB,08/29/2005,13.956,14.3862,13.956,14.2715,85600
TRYB,08/30/2005,14.195,14.5295,14.1472,14.3192,105700
TRYB,08/31/2005,14.3288,14.4818,14.195,14.3384,226500
TRYB,09/01/2005,14.3384,14.3384,13.9082,14.1472,131600
TRYB,09/02/2005,14.1472,14.3192,14.0612,14.1472,90100
TRYB,09/06/2005,14.0516,14.5773,14.0516,14.5582,181800
TRYB,09/07/2005,14.5295,14.6634,14.3957,14.6634,76800
TRYB,09/08/2005,14.5678,14.6347,14.2619,14.4148,119200
TRYB,09/09/2005,14.5104,14.6729,14.4053,14.5869,90400
TRYB,09/12/2005,14.5869,14.8545,14.434,14.7016,173700
TRYB,09/13/2005,14.5773,14.8259,14.4435,14.7016,133700
TRYB,09/14/2005,14.7685,14.8068,14.2906,14.3479,175900
TRYB,09/15/2005,14.4435,14.4435,14.2141,14.3957,193200
TRYB,09/16/2005,14.4913,14.5773,14.3001,14.3479,659500
TRYB,09/19/2005,14.3001,14.3001,14.1472,14.195,100600
TRYB,09/20/2005,14.3384,14.3862,13.956,13.9751,165000
TRYB,09/21/2005,13.956,14.0516,13.8891,13.8891,152000
TRYB,09/22/2005,13.8604,14.0707,13.7266,13.9656,78100
TRYB,09/23/2005,13.956,14.0229,13.8604,13.9369,96900
TRYB,09/26/2005,13.956,14.2237,13.956,14.2237,78300
TRYB,09/27/2005,14.1472,14.1472,13.9082,13.9273,187400
TRYB,09/28/2005,13.9273,14.109,13.9082,14.0038,110200
TRYB,09/29/2005,14.0516,14.434,13.8604,14.434,110000
TRYB,09/30/2005,14.3384,14.7112,14.2906,14.5965,76600
TRYB,10/03/2005,14.5965,14.9119,14.5582,14.7972,100600
TRYB,10/04/2005,14.7972,14.7972,14.5773,14.5869,87500
TRYB,10/05/2005,14.5869,14.7207,14.2906,14.3862,119800
TRYB,10/06/2005,14.3384,14.5773,14.1759,14.4531,125000
TRYB,10/07/2005,14.5773,14.7494,14.5295,14.606,62700
TRYB,10/10/2005,14.7016,14.7016,14.2428,14.3288,69900
TRYB,10/11/2005,14.1472,14.4148,14.1472,14.1472,90900
TRYB,10/12/2005,14.0612,14.109,13.7075,13.7075,133700
TRYB,10/13/2005,13.6692,13.9178,13.6692,13.8222,160000
TRYB,10/14/2005,13.8222,13.8222,13.5354,13.7362,89600
TRYB,10/17/2005,13.7457,13.8317,13.5259,13.8222,150700
TRYB,10/18/2005,13.8222,13.9847,13.6597,13.9273,95500
TRYB,10/19/2005,13.8317,14.6729,13.8317,14.6251,206900
TRYB,10/20/2005,14.5295,14.7398,14.2906,14.367,68100
TRYB,10/21/2005,14.3766,14.6251,14.3384,14.5295,62200
TRYB,10/24/2005,14.5295,14.759,14.5295,14.759,55500
TRYB,10/25/2005,14.7016,14.7016,14.2141,14.6729,119600
TRYB,10/26/2005,14.6251,14.6729,14.2428,14.2523,78900
TRYB,10/27/2005,14.195,14.195,13.6979,13.6979,75800
TRYB,10/28/2005,13.6979,13.9273,13.5832,13.8987,165200
TRYB,10/31/2005,13.956,14.3192,13.956,14.2141,75000
TRYB,11/01/2005,14.1663,14.2906,14.0038,14.1759,109900
TRYB,11/02/2005,14.1759,14.5678,14.1567,14.5391,163100
TRYB,11/03/2005,14.6347,14.9597,14.3479,14.4913,124800
TRYB,11/04/2005,14.5391,14.8163,14.2428,14.7398,83200
TRYB,11/07/2005,14.7398,14.759,14.281,14.7016,71900
TRYB,11/08/2005,14.606,14.7016,14.4818,14.6538,78500
TRYB,11/09/2005,14.7207,14.7685,14.434,14.6443,55500
TRYB,11/10/2005,14.7685,14.931,14.3957,14.9119,66000
TRYB,11/11/2005,14.8163,14.9884,14.7398,14.7972,44900
TRYB,11/14/2005,14.8068,14.8068,14.042,14.2237,102800
TRYB,11/15/2005,14.2237,14.3957,13.9751,14.0229,112300
TRYB,11/16/2005,14.0229,14.1472,13.9082,14.1472,101500
TRYB,11/17/2005,14.1472,14.3384,14.0516,14.109,105900
TRYB,11/18/2005,14.4818,14.4818,14.0994,14.1854,100800
TRYB,11/21/2005,14.195,14.5773,14.1472,14.4053,137700
TRYB,11/22/2005,14.3384,14.5295,14.2619,14.3384,134300
TRYB,11/23/2005,14.2906,14.4053,14.1472,14.3384,57100
TRYB,11/25/2005,14.2428,14.434,14.2428,14.3862,16500
TRYB,11/28/2005,14.3288,14.5009,14.2428,14.3097,105200
TRYB,11/29/2005,14.2906,14.5009,14.1759,14.2523,101800
TRYB,11/30/2005,14.2428,14.4626,14.195,14.281,104500
TRYB,12/01/2005,14.1854,15.1031,14.1854,15.0648,138600
TRYB,12/02/2005,15.0266,15.0553,14.8163,14.9597,75100
TRYB,12/05/2005,14.8641,14.8641,14.3288,14.4626,89600
TRYB,12/06/2005,14.4626,14.8163,14.4626,14.6634,63600
TRYB,12/07/2005,14.6729,14.7207,14.367,14.52,604900
TRYB,12/08/2005,14.5773,14.8068,14.4626,14.7207,77300
TRYB,12/09/2005,14.7207,14.8163,14.6251,14.7685,63600
TRYB,12/12/2005,14.6729,14.8928,14.6729,14.8354,57800
TRYB,12/13/2005,14.7876,14.8641,14.7207,14.8163,75400
TRYB,12/14/2005,14.8259,14.8641,14.759,14.8259,61200
TRYB,12/15/2005,14.845,14.8545,14.5773,14.7972,83400
TRYB,12/16/2005,14.8354,14.8737,14.6729,14.8641,365300
TRYB,12/19/2005,14.7685,14.7876,14.434,14.4722,89400
TRYB,12/20/2005,14.4722,14.4722,14.1567,14.195,105200
TRYB,12/21/2005,14.195,14.2906,14.0612,14.2619,84200
TRYB,12/22/2005,14.2141,14.4053,14.1567,14.2332,62600
TRYB,12/23/2005,14.3288,14.4722,14.2428,14.367,39400
TRYB,12/27/2005,14.5295,14.5295,14.0516,14.0898,134300
TRYB,12/28/2005,14.1854,14.3001,14.0612,14.195,90300
TRYB,12/29/2005,14.2906,14.3862,14.109,14.281,126200
TRYB,12/30/2005,14.2237,14.3575,14.1663,14.195,89800
TRYB,01/03/2006,14.2906,14.7685,14.1472,14.7685,161500
TRYB,01/04/2006,14.6729,14.8545,14.5295,14.5582,114600
TRYB,01/05/2006,14.3288,14.7494,14.281,14.6825,219400
TRYB,01/06/2006,14.7781,14.9119,14.606,14.8545,84300
TRYB,01/09/2006,14.8545,15.0744,14.8068,14.9979,118600
TRYB,01/10/2006,14.8068,15.1222,14.7494,15.0457,92100
TRYB,01/11/2006,15.0457,15.1318,14.7207,15.1222,148000
TRYB,01/12/2006,15.1222,15.1987,14.759,14.931,88300
TRYB,01/13/2006,14.9597,15.1509,14.8641,14.9119,52500
TRYB,01/17/2006,14.8163,14.8163,14.4818,14.5582,94000
TRYB,01/18/2006,14.4626,14.6251,14.3288,14.4722,172600
TRYB,01/19/2006,14.5678,14.7876,14.434,14.7876,61200
TRYB,01/20/2006,15.1509,15.1509,14.6251,14.9501,104900
TRYB,01/23/2006,14.8545,15.017,14.7207,15.017,85400
TRYB,01/24/2006,15.1031,15.4663,15.0744,15.3994,239500
TRYB,01/25/2006,15.3994,15.3994,15.1987,15.3325,105600
TRYB,01/26/2006,15.4281,15.5141,15.3516,15.495,138100
TRYB,01/27/2006,15.4376,16.1354,15.4376,15.7626,139600
TRYB,01/30/2006,15.6671,15.8774,15.6288,15.7913,175500
TRYB,01/31/2006,15.8104,15.8678,15.6288,15.8296,188000
TRYB,02/01/2006,15.8057,15.8487,15.5619,15.7531,175500
TRYB,02/02/2006,15.6575,15.9634,15.2465,15.3229,187500
TRYB,02/03/2006,15.299,15.3898,14.7207,14.8832,426600
TRYB,02/06/2006,14.845,15.0648,14.5487,15.0075,435400
TRYB,02/07/2006,14.9759,15.0553,14.8163,14.8737,294000
TRYB,02/08/2006,14.9406,14.9406,14.6251,14.7494,260100
TRYB,02/09/2006,14.715,14.9119,14.434,14.8163,155600
TRYB,02/10/2006,14.7303,14.8354,14.6538,14.8259,97500
TRYB,02/13/2006,14.7303,14.9215,14.7207,14.8354,92000
TRYB,02/14/2006,14.931,15.2273,14.692,14.9597,160200
TRYB,02/15/2006,14.9211,15.2396,14.9114,15.1624,82400
TRYB,02/16/2006,15.2203,15.2492,15.1431,15.201,74100
TRYB,02/17/2006,15.3265,15.3651,14.9983,15.2106,107800
TRYB,02/21/2006,15.172,15.2492,14.9597,15.0659,79900
TRYB,02/22/2006,15.1141,15.2203,15.0659,15.1431,122000
TRYB,02/23/2006,15.0562,15.1527,14.9597,15.1334,88600
TRYB,02/24/2006,15.0852,15.2782,14.9983,15.2492,101900
TRYB,02/27/2006,15.3458,15.3458,15.1527,15.2492,93500
TRYB,02/28/2006,15.1334,15.2203,14.9114,15.0562,137600
TRYB,03/01/2006,15.1431,15.2299,14.9211,15.1913,159300
TRYB,03/02/2006,15.1527,15.394,14.9597,15.3458,113100
TRYB,03/03/2006,15.3458,15.7897,15.2975,15.3554,122800
TRYB,03/06/2006,15.3458,15.5484,15.2203,15.4423,206500
TRYB,03/07/2006,15.3458,15.6353,15.2782,15.4616,236200
TRYB,03/08/2006,15.4519,15.5388,15.2203,15.2975,90600
TRYB,03/09/2006,15.3458,15.4325,15.201,15.3265,136100
TRYB,03/10/2006,15.1817,15.8476,15.1817,15.6546,151500
TRYB,03/13/2006,15.7318,16.002,15.6353,15.8766,230600
TRYB,03/14/2006,15.8283,16.1951,15.7897,16.0696,168600
TRYB,03/15/2006,16.1082,16.1082,15.6739,15.7318,135600
TRYB,03/16/2006,15.9731,16.6004,15.8283,16.3978,343900
TRYB,03/17/2006,16.5618,16.7935,16.2144,16.5715,581000
TRYB,03/20/2006,16.7645,16.7645,16.3592,16.5232,326200
TRYB,03/21/2006,16.2819,16.3109,16.031,16.1275,187400
TRYB,03/22/2006,16.0986,16.4557,16.0214,16.4557,287000
TRYB,03/23/2006,16.4074,16.5232,16.2723,16.5232,137600
TRYB,03/24/2006,16.7452,16.7452,16.446,16.5715,119700
TRYB,03/27/2006,16.6294,16.6294,16.2626,16.4267,81200
TRYB,03/28/2006,16.4943,16.6776,16.4267,16.5329,76400
TRYB,03/29/2006,16.6487,16.6487,16.4267,16.6294,146600
TRYB,03/30/2006,16.6294,16.7452,16.5425,16.7259,249000
TRYB,03/31/2006,16.7935,16.8707,16.6294,16.8707,280800
TRYB,04/03/2006,16.7935,17.2181,16.5811,16.7356,246400
TRYB,04/04/2006,16.7356,16.9865,16.6101,16.668,174500
TRYB,04/05/2006,16.697,16.8996,16.4267,16.89,440900
TRYB,04/06/2006,16.89,16.8996,16.7163,16.8031,153100
TRYB,04/07/2006,16.8803,16.89,16.3688,16.4074,95400
TRYB,04/10/2006,16.3688,16.5232,16.3012,16.4557,140600
TRYB,04/11/2006,16.6004,16.6004,16.2723,16.3109,140400
TRYB,04/12/2006,16.4557,16.4557,16.1661,16.3495,82400
TRYB,04/13/2006,16.3109,16.4074,16.1758,16.3302,87000
TRYB,04/17/2006,16.3109,16.3109,16.0793,16.1372,130300
TRYB,04/18/2006,16.2047,16.3109,16.0503,16.2916,184600
TRYB,04/19/2006,16.3109,16.4171,16.2144,16.3398,124400
TRYB,04/20/2006,16.2626,16.3109,16.031,16.2047,251300
TRYB,04/21/2006,16.3592,16.3592,15.9731,16.0986,97000
TRYB,04/24/2006,16.0986,16.0986,15.8187,16.0214,188800
TRYB,04/25/2006,16.0117,16.0503,15.8766,15.9248,196000
TRYB,04/26/2006,15.9248,16.0503,15.9248,15.9924,145700
TRYB,04/27/2006,15.9924,16.2433,15.7125,16.031,272500
TRYB,04/28/2006,15.8476,16.1082,15.8476,15.9441,390000
TRYB,05/01/2006,15.9538,16.3688,15.9055,16.1179,197000
TRYB,05/02/2006,16.1179,16.1372,16.0214,16.06,238600
TRYB,05/03/2006,16.06,16.0986,15.9634,16.031,241100
TRYB,05/04/2006,16.0407,16.2144,15.9538,16.2047,87500
TRYB,05/05/2006,16.3495,16.668,16.2916,16.5908,120800
TRYB,05/08/2006,16.4943,16.5425,16.2047,16.5039,92500
TRYB,05/09/2006,16.4653,16.4846,16.1082,16.1661,129000
TRYB,05/10/2006,16.0696,16.1468,15.9538,16.06,280600
TRYB,05/11/2006,15.8669,15.8766,15.1527,15.6353,384000
TRYB,05/12/2006,15.5388,15.6546,15.1334,15.5677,238900
TRYB,05/15/2006,15.3265,15.6546,15.2685,15.5484,137000
TRYB,05/16/2006,15.5484,15.5967,15.4809,15.5774,172900
TRYB,05/17/2006,15.4423,15.5388,15.3071,15.4905,272000
TRYB,05/18/2006,15.4423,15.5967,15.4423,15.4712,140100
TRYB,05/19/2006,15.4423,15.5967,15.2975,15.5484,206200
TRYB,05/22/2006,15.5484,15.6063,15.2782,15.2878,215000
TRYB,05/23/2006,15.4423,15.4905,15.0562,15.0852,182200
TRYB,05/24/2006,14.9887,15.1527,14.5254,15.1334,308700
TRYB,05/25/2006,15.201,15.3458,15.1045,15.3458,172400
TRYB,05/26/2006,16.253,16.253,15.3747,15.4326,87200
TRYB,05/30/2006,15.4133,15.4133,14.7763,14.7763,253700
TRYB,05/31/2006,14.8728,14.9307,14.5833,14.6605,199500
TRYB,06/01/2006,14.757,15.172,14.757,15.1431,338000
TRYB,06/02/2006,15.2396,15.3168,14.8632,15.0176,142700
TRYB,06/05/2006,14.9211,14.9887,14.6219,14.6895,322700
TRYB,06/06/2006,14.6895,14.8632,14.5543,14.757,298400
TRYB,06/07/2006,14.9693,15.8283,14.9693,15.7415,1041800
TRYB,06/08/2006,15.5967,15.8187,15.172,15.6353,394700
TRYB,06/09/2006,15.6256,15.7994,15.4809,15.7318,428000
TRYB,06/12/2006,15.7801,15.7801,15.2975,15.3844,135600
TRYB,06/13/2006,15.3844,15.5388,15.1624,15.201,251600
TRYB,06/14/2006,15.1141,15.201,14.9597,15.0176,107100
TRYB,06/15/2006,14.8921,15.394,14.8921,15.2299,187000
TRYB,06/16/2006,15.2685,15.2685,14.8921,14.979,706300
TRYB,06/19/2006,15.0755,15.1527,14.4385,14.5157,304100
TRYB,06/20/2006,14.5736,14.5929,14.4385,14.4385,129700
TRYB,06/21/2006,14.564,14.564,14.3999,14.4578,124300
TRYB,06/22/2006,14.4578,14.5736,14.0428,14.2841,359200
TRYB,06/23/2006,14.1972,14.3324,14.0621,14.2551,165200
TRYB,06/26/2006,14.4771,14.6702,14.3034,14.564,148600
TRYB,06/27/2006,14.6219,14.9114,14.3903,14.3999,144800
TRYB,06/28/2006,14.5267,14.5754,14.2049,14.4974,197900
TRYB,06/29/2006,14.5949,15.2579,14.5949,15.2579,277600
TRYB,06/30/2006,15.4529,15.4919,15.0921,15.2384,957500
TRYB,07/03/2006,15.1604,15.3846,15.0629,15.3456,191500
TRYB,07/05/2006,15.2091,15.3554,14.9654,15.1214,227600
TRYB,07/06/2006,15.0629,15.1896,14.8386,14.9556,143800
TRYB,07/07/2006,14.8386,14.9556,14.4974,14.4974,165900
TRYB,07/10/2006,14.5072,14.9654,14.4779,14.9264,216200
TRYB,07/11/2006,14.8484,15.0141,14.4584,14.9556,165800
TRYB,07/12/2006,14.9166,15.0434,14.2829,14.3219,198800
TRYB,07/13/2006,14.2634,14.3804,14.0392,14.2634,173300
TRYB,07/14/2006,14.1952,14.2927,13.7272,14.2342,266000
TRYB,07/17/2006,14.2634,14.4292,13.9222,13.9417,147300
TRYB,07/18/2006,14.1659,14.2244,13.7175,13.9514,239200
TRYB,07/19/2006,14.0099,14.4779,14.0099,14.2342,172200
TRYB,07/20/2006,14.2342,14.2342,13.7467,13.8539,107400
TRYB,07/21/2006,13.8539,13.8637,13.2592,13.659,217500
TRYB,07/24/2006,13.7467,14.0782,13.6492,14.0782,166000
TRYB,07/25/2006,14.0782,14.2634,13.8929,14.2439,180900
TRYB,07/26/2006,14.2439,14.2439,13.7272,13.8247,175600
TRYB,07/27/2006,13.9222,14.0977,13.503,13.6785,237200
TRYB,07/28/2006,13.776,13.8442,13.4932,13.62,187800
TRYB,07/31/2006,13.62,13.8539,13.4542,13.6395,181600
TRYB,08/01/2006,13.5517,13.6492,13.1032,13.5712,172700
TRYB,08/02/2006,13.7272,13.8052,13.4152,13.503,117500
TRYB,08/03/2006,13.4347,13.8247,13.2592,13.7565,135300
TRYB,08/04/2006,14.0489,14.1367,13.425,13.776,157100
TRYB,08/07/2006,13.6785,13.7467,13.4542,13.7175,86500
TRYB,08/08/2006,13.7857,13.8247,13.074,13.2202,151200
TRYB,08/09/2006,13.2787,13.5907,12.9472,13.0057,201400
TRYB,08/10/2006,12.8985,12.9765,12.5963,12.7523,422900
TRYB,08/11/2006,12.6743,13.4055,12.5378,13.1617,272600
TRYB,08/14/2006,13.3567,13.542,13.308,13.4542,205400
TRYB,08/15/2006,13.7467,13.8733,13.5517,13.7954,130900
TRYB,08/16/2006,13.8929,14.0879,13.8929,14.0587,164800
TRYB,08/17/2006,13.9904,14.4877,13.9027,14.1172,159700
TRYB,08/18/2006,14.3317,14.3999,14.0099,14.1854,104500
TRYB,08/21/2006,14.1757,14.1854,13.8734,14.1659,106300
TRYB,08/22/2006,14.0879,14.2634,13.9417,14.0587,58600
TRYB,08/23/2006,14.2049,14.2342,13.581,13.737,96200
TRYB,08/24/2006,13.7954,13.9027,13.4737,13.8149,129800
TRYB,08/25/2006,13.7662,13.8247,13.6395,13.659,72200
TRYB,08/28/2006,13.7272,14.1172,13.6005,13.8832,105000
TRYB,08/29/2006,13.9709,14.2829,13.9027,14.1854,342000
TRYB,08/30/2006,14.2439,14.3024,14.0392,14.2244,352100
TRYB,08/31/2006,14.3219,14.4487,14.1367,14.2049,331100
TRYB,09/01/2006,14.2829,14.4487,14.1074,14.1269,160200
TRYB,09/05/2006,14.1854,14.4584,14.1562,14.3219,202500
TRYB,09/06/2006,14.2927,14.5267,14.1952,14.3024,145100
TRYB,09/07/2006,14.2049,14.4584,14.1464,14.1757,155000
TRYB,09/08/2006,14.2342,14.3902,13.9904,14.3512,81300
TRYB,09/11/2006,14.2537,14.6144,14.1991,14.4487,108800
TRYB,09/12/2006,14.5754,15.2091,14.5754,15.0044,230800
TRYB,09/13/2006,15.0239,15.2676,14.8776,15.2676,202600
TRYB,09/14/2006,15.2091,15.2384,14.9166,15.0531,120000
TRYB,09/15/2006,15.2384,15.2481,15.1116,15.1311,438700
TRYB,09/18/2006,15.1604,15.3456,15.0629,15.2579,327500
TRYB,09/19/2006,15.2579,15.3749,15.0239,15.3261,186800
TRYB,09/20/2006,15.5016,16.0476,15.4529,15.8428,363500
TRYB,09/21/2006,16.0378,16.0866,15.4139,15.6673,286000
TRYB,09/22/2006,15.6673,15.8233,15.2676,15.7941,239700
TRYB,09/25/2006,15.8038,15.9598,15.4626,15.7551,114200
TRYB,09/26/2006,15.7941,15.9988,15.5991,15.5991,129700
TRYB,09/27/2006,15.5308,15.5991,15.2579,15.3261,185800
TRYB,09/28/2006,15.3261,15.3359,14.9654,15.1019,236400
TRYB,09/29/2006,15.1604,15.1604,14.7314,14.7411,271100
TRYB,10/02/2006,14.6534,15.1116,14.1367,14.9069,248800
TRYB,10/03/2006,14.8679,14.8776,14.5754,14.7314,266400
TRYB,10/04/2006,14.7314,15.1019,14.6631,15.0629,301700
TRYB,10/05/2006,15.1311,15.7551,14.9946,15.6088,496300
TRYB,10/06/2006,15.4919,15.7941,15.2871,15.5991,246400
TRYB,10/09/2006,15.5308,15.6478,15.2481,15.5601,242500
TRYB,10/10/2006,15.5211,15.7941,15.3651,15.5698,179000
TRYB,10/11/2006,15.5796,15.5796,14.9556,15.1019,207700
TRYB,10/12/2006,15.1896,15.7746,15.1604,15.7746,149200
TRYB,10/13/2006,15.8526,16.1353,15.7063,16.0476,236300
TRYB,10/16/2006,16.1061,16.2523,15.7063,16.2133,129400
TRYB,10/17/2006,16.0573,16.1841,15.9891,16.1353,168500
TRYB,10/18/2006,16.3596,16.5643,15.9988,16.0378,217800
TRYB,10/19/2006,15.9501,16.379,15.9403,16.0866,213200
TRYB,10/20/2006,16.3011,16.3108,15.9111,16.0573,169400
TRYB,10/23/2006,15.9501,16.2913,15.9013,16.2231,131500
TRYB,10/24/2006,16.1841,16.3596,16.1061,16.2718,149600
TRYB,10/25/2006,16.2621,16.574,15.9891,16.2913,179500
TRYB,10/26/2006,16.4375,16.5155,16.1061,16.3596,196900
TRYB,10/27/2006,16.3596,16.3596,16.0183,16.0866,150000
TRYB,10/30/2006,16.0573,16.4278,15.9013,16.4278,228800
TRYB,10/31/2006,16.4473,16.574,16.2036,16.3693,176800
TRYB,11/01/2006,16.4765,16.574,16.1841,16.2133,292600
TRYB,11/02/2006,16.3303,16.5253,15.9696,16.2621,216000
TRYB,11/03/2006,16.379,16.5545,16.0866,16.4083,162200
TRYB,11/06/2006,16.5253,16.9055,16.3206,16.7593,200300
TRYB,11/07/2006,16.7593,17.2857,16.7593,16.9348,245700
TRYB,11/08/2006,16.8178,17.2078,16.652,17.0615,146000
TRYB,11/09/2006,17.1688,17.1688,16.7983,17.0323,172700
TRYB,11/10/2006,17.0615,17.3052,16.9738,17.3052,129000
TRYB,11/13/2006,17.3247,17.549,17.2467,17.354,269300
TRYB,11/14/2006,17.4222,17.5197,17.1103,17.4222,342500
TRYB,11/15/2006,17.5002,18.4947,17.5002,18.0365,576700
TRYB,11/16/2006,18.0365,18.1339,17.9,18.0365,355500
TRYB,11/17/2006,18.0365,18.2509,17.978,18.1827,395400
TRYB,11/20/2006,18.1827,18.4752,18.056,18.3484,362000
TRYB,11/21/2006,18.3484,18.4654,18.2119,18.3972,325800
TRYB,11/22/2006,18.4557,18.4557,18.1047,18.3972,209600
TRYB,11/24/2006,18.2412,18.4654,18.2022,18.4459,29100
TRYB,11/27/2006,18.3094,18.4362,17.6855,17.7342,380000
TRYB,11/28/2006,17.7537,18.0852,17.6562,17.7927,310700
TRYB,11/29/2006,17.9487,18.3289,17.8415,18.3289,328600
TRYB,11/30/2006,18.2802,18.4752,18.0462,18.2704,316200
TRYB,12/01/2006,18.3589,18.408,17.494,18.3294,315500
TRYB,12/04/2006,18.4375,19.0567,18.3687,18.9682,317400
TRYB,12/05/2006,19.1157,19.2827,18.8896,19.155,460700
TRYB,12/06/2006,19.0862,19.2434,18.9682,19.1058,344600
TRYB,12/07/2006,19.1058,19.4007,18.8798,19.2238,256700
TRYB,12/08/2006,19.2336,19.381,18.9191,18.9977,265800
TRYB,12/11/2006,19.1157,19.2336,19.0174,19.1157,144900
TRYB,12/12/2006,19.2041,19.3122,18.9682,19.1845,331700
TRYB,12/13/2006,19.2139,19.3122,19.0075,19.2336,300000
TRYB,12/14/2006,19.3122,19.4105,19.0763,19.096,320800
TRYB,12/15/2006,19.1943,19.2532,18.9486,19.1648,424500
TRYB,12/18/2006,19.2729,19.3122,18.87,18.8896,245700
TRYB,12/19/2006,18.8896,19.1157,18.6832,18.8503,222100
TRYB,12/20/2006,18.9486,19.2926,18.87,19.2631,356300
TRYB,12/21/2006,19.3319,19.4596,19.1746,19.2139,203100
TRYB,12/22/2006,19.2631,19.4793,19.1058,19.4793,95600
TRYB,12/26/2006,19.4105,19.8626,19.381,19.7348,113300
TRYB,12/27/2006,19.951,20.2066,19.8921,20.0886,206000
TRYB,12/28/2006,20.0297,20.0886,19.6464,19.8822,275200
TRYB,12/29/2006,19.9412,20.1083,19.5579,19.6562,192700
TRYB,01/03/2007,19.8528,19.951,19.3024,19.3614,370500
TRYB,01/04/2007,19.3712,19.3712,18.9977,19.1451,485700
TRYB,01/05/2007,19.0665,19.4596,19.0469,19.4203,225500
TRYB,01/08/2007,19.3908,19.7545,19.0272,19.6464,168300
TRYB,01/09/2007,19.6857,19.8036,19.3515,19.7938,180600
TRYB,01/10/2007,19.499,19.5972,19.2729,19.4498,209400
TRYB,01/11/2007,19.5481,20.0788,19.5481,20.0198,255300
TRYB,01/12/2007,20.0493,20.1378,19.951,20.1181,175600
TRYB,01/16/2007,20.1574,20.1967,19.8331,19.8822,202600
TRYB,01/17/2007,19.7545,20.01,19.6169,19.666,178300
TRYB,01/18/2007,19.6759,19.9117,19.5284,19.9019,220600
TRYB,01/19/2007,19.9216,20.0493,19.6365,20.01,248400
TRYB,01/22/2007,20.0395,20.0885,19.322,19.5383,270800
TRYB,01/23/2007,19.4793,19.5383,19.3024,19.3614,255100
TRYB,01/24/2007,19.4203,19.6955,19.3614,19.4891,324300
TRYB,01/25/2007,19.5186,19.5776,19.1255,19.2827,120600
TRYB,01/26/2007,19.2827,19.322,18.7717,19.2041,189400
TRYB,01/29/2007,19.1943,19.4007,18.9191,19.155,245200
TRYB,01/30/2007,19.2532,19.381,19.1255,19.2532,250800
TRYB,01/31/2007,19.1845,20.1083,18.9879,19.2139,295600
TRYB,02/01/2007,19.2532,19.2631,19.1353,19.2631,171900
TRYB,02/02/2007,19.3024,19.322,19.096,19.2532,325700
TRYB,02/05/2007,19.2729,19.4596,19.0174,19.1451,116100
TRYB,02/06/2007,19.2336,19.2631,18.9486,19.1746,127700
TRYB,02/07/2007,19.1746,19.4007,19.1157,19.2926,162000
TRYB,02/08/2007,19.3024,19.4891,19.1845,19.3122,197300
TRYB,02/09/2007,19.3122,19.3614,18.7717,19.1157,190800
TRYB,02/12/2007,19.155,19.381,19.0469,19.1746,150800
TRYB,02/13/2007,19.1648,19.3908,19.1157,19.2631,585234
TRYB,02/14/2007,19.2631,19.5186,19.096,19.1451,426239
TRYB,02/15/2007,19.1648,19.3122,19.1058,19.1255,224400
TRYB,02/16/2007,19.1943,19.2139,18.8405,19.0174,212100
TRYB,02/20/2007,19.0075,19.1845,18.87,19.1058,169900
TRYB,02/21/2007,18.9977,19.1353,18.9879,19.1353,293700
TRYB,02/22/2007,19.1058,19.1058,18.9486,19.0665,175300
TRYB,02/23/2007,19.0075,19.2041,18.8994,18.9093,184600
TRYB,02/26/2007,19.0075,19.0075,18.4179,18.6046,230200
TRYB,02/27/2007,18.2115,18.4867,17.7102,17.7495,232900
TRYB,02/28/2007,17.6513,17.9953,17.3466,17.7004,304200
TRYB,03/01/2007,17.3957,17.8675,17.268,17.612,232800
TRYB,03/02/2007,17.553,18.0935,17.3957,17.4744,330600
TRYB,03/05/2007,17.268,17.3859,16.4031,16.4326,514700
TRYB,03/06/2007,16.6095,16.7864,16.3638,16.6881,549400
TRYB,03/07/2007,16.6783,16.7667,16.4522,16.4916,386100
TRYB,03/08/2007,16.6488,17.4154,16.4916,17.1599,345900
TRYB,03/09/2007,17.3269,17.3368,16.8552,17.0124,181600
TRYB,03/12/2007,17.1992,17.3761,17.0026,17.2385,174400
TRYB,03/13/2007,17.0812,17.3269,16.7766,16.9535,268500
TRYB,03/14/2007,16.9535,17.1599,16.4719,16.9928,289700
TRYB,03/15/2007,16.9928,17.2483,16.9928,17.1893,145600
TRYB,03/16/2007,17.2287,17.2975,17.0223,17.0911,476200
TRYB,03/19/2007,17.1992,17.5137,17.1107,17.3368,204400
TRYB,03/20/2007,17.3073,17.5628,17.3073,17.4842,141800
TRYB,03/21/2007,17.4842,17.7102,17.2385,17.6414,246700
TRYB,03/22/2007,17.6906,17.7397,17.209,17.3564,184700
TRYB,03/23/2007,17.3171,17.6218,17.2385,17.6021,106500
TRYB,03/26/2007,17.5825,17.612,17.209,17.3957,133100
TRYB,03/27/2007,17.3761,17.5726,17.2287,17.2581,114700
TRYB,03/28/2007,17.2385,17.3171,16.7569,16.9535,575700
TRYB,03/29/2007,17.1009,17.1009,16.58,16.8748,303000
TRYB,03/30/2007,16.9436,17.1893,16.6979,16.8945,366700
TRYB,04/02/2007,16.9535,17.0518,16.865,17.0518,321300
TRYB,04/03/2007,17.0911,17.3957,17.0272,17.3368,150000
TRYB,04/04/2007,17.2975,17.3859,17.0419,17.0714,155200
TRYB,04/05/2007,17.0714,17.2287,16.8748,17.0616,118500
TRYB,04/09/2007,17.0419,17.0419,16.7962,16.8454,154800
TRYB,04/10/2007,16.8159,17.0419,16.8159,17.0124,75400
TRYB,04/11/2007,17.0419,17.0911,16.6488,16.7667,197700
TRYB,04/12/2007,16.7078,16.8061,16.4621,16.7864,129700
TRYB,04/13/2007,16.7569,16.7569,16.5014,16.7078,498600
TRYB,04/16/2007,16.8257,17.1697,16.8257,17.0911,156600
TRYB,04/17/2007,17.1009,17.1009,16.8748,17.0616,133400
TRYB,04/18/2007,16.983,17.1206,16.7078,16.9043,134400
TRYB,04/19/2007,16.7274,16.7373,16.2164,16.4719,426000
TRYB,04/20/2007,17.553,18.6636,16.6685,17.3073,352900
TRYB,04/23/2007,17.2188,17.2287,16.8355,16.865,130500
TRYB,04/24/2007,16.924,16.9436,16.5309,16.6979,127700
TRYB,04/25/2007,16.8257,16.8355,16.354,16.6488,180800
TRYB,04/26/2007,16.5997,17.0026,16.3834,16.9043,196900
TRYB,04/27/2007,16.7274,17.1107,16.5997,16.8159,228400
TRYB,04/30/2007,16.865,16.9348,15.9805,15.9903,332600
TRYB,05/01/2007,15.9903,16.3834,15.9903,16.3146,217400
TRYB,05/02/2007,16.3048,16.6095,16.1672,16.354,244100
TRYB,05/03/2007,16.354,16.4424,16.1672,16.2852,118700
TRYB,05/04/2007,16.2852,16.4621,16.0689,16.4326,266600
TRYB,05/07/2007,16.4522,16.5505,16.236,16.4424,152700
TRYB,05/08/2007,16.4129,16.4719,16.1771,16.4719,184800
TRYB,05/09/2007,16.3441,16.5898,16.0591,16.521,137300
TRYB,05/10/2007,16.521,16.521,15.9117,15.9215,202900
TRYB,05/11/2007,16.2164,16.2164,15.8626,16.0395,110200
TRYB,05/14/2007,15.9707,16.0984,15.6169,15.7643,199400
TRYB,05/15/2007,15.7643,15.8331,15.381,15.4203,206300
TRYB,05/16/2007,15.4203,15.5677,15.263,15.4891,165800
TRYB,05/17/2007,15.4301,15.5677,15.2827,15.381,164500
TRYB,05/18/2007,15.381,15.7151,15.2139,15.5775,226800
TRYB,05/21/2007,15.5874,15.9019,15.5481,15.7839,183400
TRYB,05/22/2007,15.725,15.9117,15.5579,15.8527,174000
TRYB,05/23/2007,15.892,15.9608,15.5579,15.5677,206500
TRYB,05/24/2007,15.5284,15.6758,15.2532,15.3122,209000
TRYB,05/25/2007,15.4301,15.5579,15.3417,15.4498,146200
TRYB,05/29/2007,15.5284,15.6856,15.381,15.5775,139500
TRYB,05/30/2007,15.4301,15.4694,15.1382,15.1746,202000
TRYB,05/31/2007,15.2336,15.3515,15.0861,15.1844,235400
TRYB,06/01/2007,15.2729,15.3515,15.1549,15.3515,474300
TRYB,06/04/2007,15.3318,15.4989,15.1942,15.3318,255300
TRYB,06/05/2007,15.2336,15.2827,15.0665,15.2237,206000
TRYB,06/06/2007,15.1648,15.4596,14.9879,15.4006,432500
TRYB,06/07/2007,15.3024,15.4301,15.1451,15.3318,420500
TRYB,06/08/2007,15.2827,15.666,15.2827,15.5087,254500
TRYB,06/11/2007,15.4989,15.4989,15.263,15.4399,215900
TRYB,06/12/2007,15.3417,15.4596,15.2336,15.3417,240200
TRYB,06/13/2007,15.4301,15.6856,15.381,15.6267,210100
TRYB,06/14/2007,15.666,15.7544,15.2139,15.4399,232200
TRYB,06/15/2007,16.4817,18.182,15.892,15.9215,537100
TRYB,06/18/2007,15.9314,15.9314,15.6856,15.8232,249600
TRYB,06/19/2007,15.7348,15.8331,15.5087,15.7839,192600
TRYB,06/20/2007,15.8527,15.8527,15.5775,15.7348,247000
TRYB,06/21/2007,15.7348,15.7348,15.3515,15.5087,295600
TRYB,06/22/2007,15.4793,15.5284,15.2925,15.5284,486900
TRYB,06/25/2007,15.5284,15.6169,15.3711,15.4989,231200
TRYB,06/26/2007,15.5775,15.6267,15.4694,15.5284,205900
TRYB,06/27/2007,15.4399,15.7446,15.2336,15.607,241000
TRYB,06/28/2007,15.6463,15.7839,15.5186,15.5186,130800
TRYB,06/29/2007,15.6169,15.6664,15.3711,15.4301,171200
TRYB,07/02/2007,15.5579,15.7053,15.322,15.607,245000
TRYB,07/03/2007,15.6463,15.6856,15.2925,15.3515,198600
TRYB,07/05/2007,15.3515,15.666,15.3123,15.6562,112600
TRYB,07/06/2007,15.6562,15.6562,15.3417,15.5775,176400
TRYB,07/09/2007,15.6267,15.6267,15.2336,15.5284,168900
TRYB,07/10/2007,15.3515,15.4891,15.2336,15.4301,269200
TRYB,07/11/2007,15.4006,15.4694,15.2336,15.3613,148800
TRYB,07/12/2007,15.4793,15.7053,15.4006,15.7053,180800
TRYB,07/13/2007,15.6562,15.7643,15.4399,15.725,211500
TRYB,07/16/2007,15.6169,15.8134,15.5186,15.7446,399300
TRYB,07/17/2007,15.8134,15.8527,15.7053,15.7839,228100
TRYB,07/18/2007,15.725,15.7938,15.4989,15.7544,285000
TRYB,07/19/2007,15.9019,15.9019,15.6758,15.8527,150500
TRYB,07/20/2007,15.8134,15.8134,15.4105,15.4989,329500
TRYB,07/23/2007,15.6169,15.8331,15.3515,15.7938,180500
TRYB,07/24/2007,15.4793,15.5237,15.1451,15.2139,421800
TRYB,07/25/2007,15.2925,15.3318,14.7422,15.096,327800
TRYB,07/26/2007,14.7422,14.9387,14.2507,14.467,511800
TRYB,07/27/2007,14.3982,14.4964,14.064,14.2311,523400
TRYB,07/30/2007,14.2016,14.3195,13.9264,14.1328,369000
TRYB,07/31/2007,14.2999,14.2999,13.8969,14.064,333400
TRYB,08/01/2007,14.0738,14.7913,13.0419,14.005,441700
TRYB,08/02/2007,14.0444,14.0444,13.72,14.0247,268000
TRYB,08/03/2007,14.005,14.0738,13.6217,13.6512,266700
TRYB,08/06/2007,13.6807,14.2114,13.3269,14.1426,373800
TRYB,08/07/2007,14.0149,14.0738,13.5038,13.9559,492400
TRYB,08/08/2007,14.2901,14.8404,12.5308,12.7176,691900
TRYB,08/09/2007,12.2851,12.2851,11.1844,11.4104,1029900
TRYB,08/10/2007,12.4522,14.1525,12.0394,13.4055,981700
TRYB,08/13/2007,13.7102,14.005,12.9731,13.6217,510400
TRYB,08/14/2007,13.6611,13.8281,13.0714,13.5529,345600
TRYB,08/15/2007,13.5628,13.9756,13.4448,13.7299,322900
TRYB,08/16/2007,13.72,15.263,13.494,15.263,481800
TRYB,08/17/2007,16.6095,16.6095,15.3318,15.3908,592800
TRYB,08/20/2007,15.4793,15.6562,15.1451,15.607,254400
TRYB,08/21/2007,15.5087,15.8232,15.037,15.1156,196000
TRYB,08/22/2007,15.4399,15.6267,15.1746,15.381,196100
TRYB,08/23/2007,15.5284,15.5284,15.1156,15.3122,121900
TRYB,08/24/2007,15.3515,15.607,15.0665,15.607,110700
TRYB,08/27/2007,15.5284,15.7053,15.263,15.2925,106300
TRYB,08/28/2007,15.1156,15.2925,14.5259,14.5358,216800
TRYB,08/29/2007,14.5456,14.8011,14.1918,14.7618,168900
TRYB,08/30/2007,14.4768,15.1549,14.4768,14.978,251700
TRYB,08/31/2007,15.2237,15.263,14.8011,15.096,165200
TRYB,09/04/2007,14.8011,15.0272,14.5554,14.7618,282800
TRYB,09/05/2007,14.6635,14.9289,14.2802,14.5554,239900
TRYB,09/06/2007,14.7225,14.7618,14.3097,14.467,220800
TRYB,09/07/2007,14.1132,14.2016,13.7888,13.8871,237500
TRYB,09/10/2007,13.8281,14.0444,13.3662,13.5628,186900
TRYB,09/11/2007,13.5136,13.7888,13.5136,13.6512,215600
TRYB,09/12/2007,13.6512,13.8674,13.5136,13.7299,273900
TRYB,09/13/2007,13.8969,14.0345,13.6807,13.8871,245100
TRYB,09/14/2007,13.7397,13.8576,13.6217,13.8183,136200
TRYB,09/17/2007,13.7987,13.7987,13.1991,13.2385,359200
TRYB,09/18/2007,13.2483,14.2704,13.1009,14.2507,197600
TRYB,09/19/2007,14.5063,14.7127,14.2213,14.3589,189000
TRYB,09/20/2007,14.408,14.5947,13.9166,13.9559,159800
TRYB,09/21/2007,14.1918,16.2262,13.6119,13.6807,367600
TRYB,09/24/2007,13.7004,13.838,13.2679,13.5726,149400
TRYB,09/25/2007,13.4154,13.494,13.1795,13.1893,133000
TRYB,09/26/2007,13.5038,13.5726,13.0026,13.1205,222900
TRYB,09/27/2007,13.1009,13.1303,12.9731,13.0124,94900
TRYB,09/28/2007,12.9731,13.0222,12.2556,12.295,260400
TRYB,10/01/2007,12.3244,13.2385,12.3244,12.9829,333900
TRYB,10/02/2007,13.0714,14.2606,12.9731,14.0935,291100
TRYB,10/03/2007,13.7593,14.2704,13.7593,13.9068,213100
TRYB,10/04/2007,13.9952,14.2016,13.9264,14.0149,128400
TRYB,10/05/2007,14.349,14.7027,14.1132,14.6635,218400
TRYB,10/08/2007,14.6144,14.7422,14.349,14.349,161100
TRYB,10/09/2007,14.2507,14.3195,13.7888,14.1132,213100
TRYB,10/10/2007,14.1426,14.2507,13.6316,13.7299,152700
TRYB,10/11/2007,13.9068,14.1033,13.4448,13.4448,168900
TRYB,10/12/2007,13.435,13.6611,13.3957,13.4645,140200
TRYB,10/15/2007,13.4448,13.7102,12.7569,12.9927,222000
TRYB,10/16/2007,13.0615,13.0615,12.5603,12.5603,157900
TRYB,10/17/2007,12.7372,13.091,12.6193,12.7765,177700
TRYB,10/18/2007,12.9141,12.9534,12.6193,12.6684,171900
TRYB,10/19/2007,12.7569,12.7569,11.2335,11.2335,473100
TRYB,10/22/2007,11.0959,11.3318,10.9682,11.1745,328400
TRYB,10/23/2007,11.5185,11.8625,11.2827,11.5284,192300
TRYB,10/24/2007,11.4301,11.8134,10.7225,11.2728,221800
TRYB,10/25/2007,11.3318,11.5873,10.7323,10.8207,143300
TRYB,10/26/2007,11.0173,11.3416,10.8502,11.204,127100
TRYB,10/29/2007,11.2433,11.4203,10.7519,10.8207,104500
TRYB,10/30/2007,10.7814,10.8109,10.6143,10.693,169100
TRYB,10/31/2007,10.8109,11.2335,10.7618,11.0075,198600
TRYB,11/01/2007,10.6831,10.7814,9.9755,10.0836,343600
TRYB,11/02/2007,10.0541,10.3097,9.8379,10.1917,333000
TRYB,11/05/2007,9.9362,10.0247,9.5824,9.7003,304100
TRYB,11/06/2007,9.7593,10.1917,9.4055,10.1426,259500
TRYB,11/07/2007,9.9362,10.0836,9.5431,9.6217,228200
TRYB,11/08/2007,9.7495,9.8183,9.3957,9.6315,285200
TRYB,11/09/2007,9.3957,9.8576,9.3858,9.5627,142700
TRYB,11/12/2007,9.5726,10.3883,9.4841,10.0443,213400
TRYB,11/13/2007,10.0541,10.4178,9.9853,10.349,363400
TRYB,11/14/2007,10.2016,10.349,9.6021,9.9264,238300
TRYB,11/15/2007,10.005,10.005,9.1794,9.4055,362400
TRYB,11/16/2007,9.4251,9.5234,8.9239,9.2482,449500
TRYB,11/19/2007,9.0713,9.1598,8.8846,9.0222,191044
TRYB,11/20/2007,8.9829,9.0222,8.1573,8.9632,429100
TRYB,11/21/2007,9.0025,9.0615,8.4325,8.4325,469400
TRYB,11/23/2007,8.4817,8.7568,8.4129,8.7077,115100
TRYB,11/26/2007,8.5996,8.5996,8.2753,8.3539,651700
TRYB,11/27/2007,8.3244,8.3244,8.0099,8.2949,509400
TRYB,11/28/2007,8.2949,8.7667,8.2949,8.7274,518600
TRYB,11/29/2007,8.6684,8.6684,8.3342,8.462,259600
TRYB,11/30/2007,8.5898,8.6389,8.1672,8.2654,526900
TRYB,12/03/2007,8.2359,8.3539,8.1082,8.1278,346600
TRYB,12/04/2007,8.0099,8.0984,7.7151,7.7151,292400
TRYB,12/05/2007,7.8527,7.8625,7.6856,7.8133,235100
TRYB,12/06/2007,7.8133,8.2359,7.6954,8.2359,259800
TRYB,12/07/2007,8.2065,8.3047,8.1672,8.2753,231611
TRYB,12/10/2007,8.2753,8.4423,8.2753,8.3932,165300
TRYB,12/11/2007,8.462,8.6586,8.1966,8.1966,266200
TRYB,12/12/2007,8.4522,8.6684,7.8035,7.9804,257500
TRYB,12/13/2007,7.8625,8.2949,7.8232,8.2458,240275
TRYB,12/14/2007,8.118,8.1573,7.9509,7.9509,374008
TRYB,12/17/2007,7.892,8.2851,7.8625,8.0689,460550
TRYB,12/18/2007,8.8453,9.032,8.3637,9.0124,584821
TRYB,12/19/2007,9.0124,9.091,8.4325,8.462,336200
TRYB,12/20/2007,8.5701,8.6192,8.0885,8.4129,245000
TRYB,12/21/2007,8.6389,9.0713,8.6291,9.0419,656900
TRYB,12/24/2007,9.2384,9.3367,9.1106,9.2876,136800
TRYB,12/26/2007,9.2188,9.9755,9.1893,9.7691,253100
TRYB,12/27/2007,9.8969,9.9264,8.8256,8.8944,287400
TRYB,12/28/2007,8.9829,9.2679,8.8846,8.9436,165300
TRYB,12/31/2007,8.8649,8.9239,8.462,8.6094,262900
TRYB,01/02/2008,8.5799,8.7372,8.3637,8.7274,274100
TRYB,01/03/2008,8.7667,8.7667,8.1475,8.1475,252100
TRYB,01/04/2008,8.059,8.0984,7.7151,7.9706,278600
TRYB,01/07/2008,7.9902,8.5406,7.8625,8.4423,211000
TRYB,01/08/2008,8.3539,8.6291,8.0099,8.0492,235500
TRYB,01/09/2008,8.0099,8.5406,8.0099,8.4718,228600
TRYB,01/10/2008,8.3539,8.6291,8.1082,8.3047,300900
TRYB,01/11/2008,8.1082,8.2753,8.0492,8.059,212290
TRYB,01/14/2008,8.1278,8.3834,7.9313,8.2163,245400
TRYB,01/15/2008,8.0689,8.2163,7.9706,8.1278,214900
TRYB,01/16/2008,8.118,8.8355,7.9313,8.7667,259500
TRYB,01/17/2008,8.7765,8.7765,7.9902,8.2458,290600
TRYB,01/18/2008,8.3244,8.5406,7.8035,8.1278,329100
TRYB,01/22/2008,7.8232,8.5406,7.7544,8.2261,265200
TRYB,01/23/2008,8.0197,9.3957,7.8723,9.2974,327200
TRYB,01/24/2008,9.3465,9.6905,9.0615,9.0713,225100
TRYB,01/25/2008,9.2089,9.4841,8.8944,9.1205,181200
TRYB,01/28/2008,9.0615,9.376,8.9337,9.2876,235768
TRYB,01/29/2008,9.3269,9.376,8.9239,9.2581,245800
TRYB,01/30/2008,9.1598,9.9362,9.0713,9.3465,315900
TRYB,01/31/2008,9.15,9.4743,8.9141,9.2974,408496
TRYB,02/01/2008,9.2974,9.6905,9.1106,9.6709,220000
TRYB,02/04/2008,9.6119,9.7003,8.9927,9.4055,194000
TRYB,02/05/2008,9.2286,9.4448,9.0713,9.3465,158083
TRYB,02/06/2008,9.4055,9.4129,8.7765,8.9436,158700
TRYB,02/07/2008,8.9141,9.5529,8.6487,9.3269,185600
TRYB,02/08/2008,9.2974,9.3858,8.8551,8.9337,156200
TRYB,02/11/2008,8.9043,8.9829,8.5013,8.9337,159070
TRYB,02/12/2008,8.9632,9.091,8.8158,9.091,144400
TRYB,02/13/2008,9.2089,9.9166,9.1401,9.5529,169600
TRYB,02/14/2008,9.5627,9.661,8.8551,9.1008,130100
TRYB,02/15/2008,8.9927,9.1008,8.4817,9.0025,208210
TRYB,02/19/2008,9.1401,9.376,8.8453,8.9829,108924
TRYB,02/20/2008,8.9337,9.2384,8.5996,9.2188,125100
TRYB,02/21/2008,9.3072,9.4546,8.5799,8.6192,154500
TRYB,02/22/2008,8.6487,8.7568,8.31,8.6586,152975
TRYB,02/25/2008,8.6782,8.8944,8.3637,8.8355,137400
TRYB,02/26/2008,8.7568,9.3269,8.7568,8.9829,168700
TRYB,02/27/2008,8.8748,9.7298,8.806,9.7298,254232
TRYB,02/28/2008,9.4841,9.5234,8.7175,8.8256,131924
TRYB,02/29/2008,8.5799,8.8158,8.2556,8.2753,240225
TRYB,03/03/2008,8.3735,8.3735,7.2335,7.7445,270100
TRYB,03/04/2008,7.6757,7.7347,7.0467,7.2728,261900
TRYB,03/05/2008,7.4202,7.4202,7.0861,7.2728,135000
TRYB,03/06/2008,7.204,7.2138,6.8993,6.9485,171200
TRYB,03/07/2008,6.8305,7.0762,6.8207,6.8797,138100
TRYB,03/10/2008,6.8797,7.0173,6.6438,6.6831,158900
TRYB,03/11/2008,7.1745,7.3219,6.9092,7.2237,230016
TRYB,03/12/2008,7.204,7.5775,7.0467,7.263,254500
TRYB,03/13/2008,7.1647,7.4694,6.9583,7.3219,386500
TRYB,03/14/2008,7.3514,7.3907,6.919,7.1549,138700
TRYB,03/17/2008,6.7322,7.3121,6.6635,6.9583,144600
TRYB,03/18/2008,7.3711,7.6364,7.1254,7.548,252900
TRYB,03/19/2008,7.3612,8.0099,7.0959,7.0959,272908
TRYB,03/20/2008,8.3539,8.3834,7.5283,7.5578,1033600
TRYB,03/24/2008,7.4988,7.8133,7.4595,7.548,235400
TRYB,03/25/2008,7.548,7.7052,7.4694,7.5775,208200
TRYB,03/26/2008,7.41,7.72,6.97,7.2,398100
TRYB,03/27/2008,7.31,7.72,7.14,7.4,573100
TRYB,03/28/2008,7.42,7.6,7.12,7.6,500700
TRYB,03/31/2008,7.6,7.6,6.88,6.91,359200
TRYB,04/01/2008,7.2,7.36,6.92,7.36,262100
TRYB,04/02/2008,7.34,7.71,7.33,7.53,194800
TRYB,04/03/2008,7.48,7.79,7.4,7.69,112100
TRYB,04/04/2008,7.62,7.89,7.4972,7.68,137300
TRYB,04/07/2008,7.73,7.91,7.45,7.58,105900
TRYB,04/08/2008,7.5,7.58,7.37,7.54,94700
TRYB,04/09/2008,7.54,7.55,6.95,6.95,222265
TRYB,04/10/2008,7.17,7.58,6.87,7.3,226100
TRYB,04/11/2008,7.17,7.32,6.54,6.58,176000
TRYB,04/14/2008,6.58,6.97,6.49,6.78,229163
TRYB,04/15/2008,6.8,6.88,6.65,6.76,231934
TRYB,04/16/2008,6.84,7.21,6.75,7.2,221356
TRYB,04/17/2008,7.18,7.18,6.85,6.86,165289
TRYB,04/18/2008,6.99,7.23,6.99,7.03,224019
TRYB,04/21/2008,6.94,7.18,6.92,6.98,79101
TRYB,04/22/2008,6.89,6.97,6.44,6.6,177767
TRYB,04/23/2008,6.64,6.64,6.46,6.5,205854
TRYB,04/24/2008,6.05,6.82,5.9,6.62,2468162
TRYB,04/25/2008,6.66,6.99,6.6,6.95,611038
TRYB,04/28/2008,6.93,7.19,6.88,7.02,884817
TRYB,04/29/2008,7.03,7.13,7.01,7.06,553243
TRYB,04/30/2008,7.2,7.2,7.04,7.1,424292
TRYB,05/01/2008,7.16,7.16,6.9,7.02,615393
TRYB,05/02/2008,7.07,7.17,6.95,7.08,294632
TRYB,05/05/2008,7.04,7.07,6.9,6.95,361161
TRYB,05/06/2008,6.94,7.02,6.89,7,592367
TRYB,05/07/2008,7.01,7.02,6.8,6.84,387024
TRYB,05/08/2008,6.83,6.93,6.47,6.53,175827
TRYB,05/09/2008,6.45,6.6,6.4,6.4,145603
TRYB,05/12/2008,6.49,6.58,6.45,6.51,469507
TRYB,05/13/2008,6.51,6.6,6.31,6.59,266059
TRYB,05/14/2008,6.53,6.7,6.52,6.56,327768
TRYB,05/15/2008,6.51,6.76,6.49,6.68,387148
TRYB,05/16/2008,6.95,6.95,6.62,6.75,494592
TRYB,05/19/2008,6.73,6.98,6.72,6.9,521262
TRYB,05/20/2008,6.74,6.86,6.71,6.83,298484
TRYB,05/21/2008,6.83,6.88,6.5,6.66,216418
TRYB,05/22/2008,6.67,7.21,6.62,7.03,1149573
TRYB,05/23/2008,7.02,7.02,6.82,6.87,255827
TRYB,05/27/2008,6.89,7.07,6.79,7.01,246380
TRYB,05/28/2008,7.05,7.15,6.85,7.08,354126
TRYB,05/29/2008,7.01,7.04,6.88,7.01,356533
TRYB,05/30/2008,6.94,7.05,6.88,7.03,397470
TRYB,06/02/2008,6.99,7.01,6.74,6.81,467840
TRYB,06/03/2008,6.8,6.9,6.64,6.71,382418
TRYB,06/04/2008,6.69,6.72,6.55,6.64,345106
TRYB,06/05/2008,6.65,6.79,6.59,6.72,529424
TRYB,06/06/2008,6.65,6.65,6.3,6.4,386050
TRYB,06/09/2008,6.45,6.61,6.37,6.43,315709
TRYB,06/10/2008,6.4,6.58,6.34,6.47,320993
TRYB,06/11/2008,6.43,6.46,6.17,6.18,237218
TRYB,06/12/2008,6.17,6.42,6.17,6.38,143915
TRYB,06/13/2008,6.45,6.57,6.4,6.57,161370
TRYB,06/16/2008,6.64,6.79,6.58,6.75,201991
TRYB,06/17/2008,6.78,6.78,6.64,6.68,182288
TRYB,06/18/2008,6.63,6.77,6.6,6.76,277554
TRYB,06/19/2008,6.76,7.21,6.7,7.18,183955
TRYB,06/20/2008,7.12,7.17,6.95,7.17,561063
TRYB,06/23/2008,7.17,7.36,6.86,6.89,223499
TRYB,06/24/2008,6.82,6.96,6.74,6.76,168477
TRYB,06/25/2008,6.79,7.1,6.75,6.94,254259
TRYB,06/26/2008,6.82,6.9,6.64,6.65,255918
TRYB,06/27/2008,6.67,6.69,6.38,6.54,1050381
TRYB,06/30/2008,6.38,6.46,6.26,6.33,281393
TRYB,07/01/2008,6.16,6.54,6.16,6.37,568255
TRYB,07/02/2008,6.35,6.42,6.18,6.18,366978
TRYB,07/03/2008,6.2,6.29,6.11,6.25,171230
TRYB,07/07/2008,6.38,6.38,6.04,6.21,268531
TRYB,07/08/2008,6.21,6.39,6.06,6.33,426279
TRYB,07/09/2008,6.41,6.43,5.93,5.97,412310
TRYB,07/10/2008,5.82,6.03,5.68,5.71,232062
TRYB,07/11/2008,5.61,5.74,5.52,5.62,280804
TRYB,07/14/2008,5.68,5.69,5.4,5.42,395090
TRYB,07/15/2008,5.31,5.69,5.24,5.56,282170
TRYB,07/16/2008,5.56,5.84,5.45,5.78,272819
TRYB,07/17/2008,5.82,5.82,5.53,5.79,259895
TRYB,07/18/2008,5.73,5.95,5.72,5.9,220030
TRYB,07/21/2008,6.08,6.08,5.72,5.75,266432
TRYB,07/22/2008,5.64,5.81,5.61,5.79,504776
TRYB,07/23/2008,5.92,5.92,5.66,5.8,429931
TRYB,07/24/2008,5.84,5.89,5.39,5.48,355956
TRYB,07/25/2008,5.45,5.83,5.42,5.55,211253
TRYB,07/28/2008,5.5,5.58,5.37,5.38,243001
TRYB,07/29/2008,5.34,5.71,5.34,5.71,425963
TRYB,07/30/2008,5.71,5.85,5.49,5.58,244143
TRYB,07/31/2008,5.5,5.71,5.5,5.58,224725
TRYB,08/01/2008,5.54,5.71,5.51,5.59,193160
TRYB,08/04/2008,5.58,5.7,5.53,5.63,315262
TRYB,08/05/2008,5.69,5.93,5.6,5.85,393530
TRYB,08/06/2008,5.87,5.87,5.44,5.48,301452
TRYB,08/07/2008,5.41,5.43,5.05,5.3,372467
TRYB,08/08/2008,5.44,5.63,5.31,5.54,379907
TRYB,08/11/2008,5.55,5.88,5.5,5.8,637725
TRYB,08/12/2008,5.93,5.93,5.61,5.82,284390
TRYB,08/13/2008,5.82,5.84,5.66,5.76,220558
TRYB,08/14/2008,5.87,6.1,5.73,6.07,207631
TRYB,08/15/2008,6.16,7.06,5.8,6.36,587391
TRYB,08/18/2008,6.44,6.46,6.12,6.19,342170
TRYB,08/19/2008,6.17,6.17,5.91,5.98,156955
TRYB,08/20/2008,5.97,6.14,5.84,6.09,150040
TRYB,08/21/2008,5.94,6.13,5.93,6.08,219099
TRYB,08/22/2008,6.14,6.35,6.03,6.33,207208
TRYB,08/25/2008,6.38,6.38,6.03,6.06,142801
TRYB,08/26/2008,6.15,6.15,5.77,5.85,160916
TRYB,08/27/2008,5.84,5.86,5.68,5.82,172715
TRYB,08/28/2008,5.83,6.02,5.73,5.97,162110
TRYB,08/29/2008,5.95,5.98,5.72,5.81,245463
TRYB,09/02/2008,5.96,6.19,5.82,5.93,236096
TRYB,09/03/2008,5.93,6.02,5.81,5.92,384179
TRYB,09/04/2008,5.82,5.89,5.61,5.74,449071
TRYB,09/05/2008,5.7,5.8,5.63,5.8,235729
TRYB,09/08/2008,6.05,6.18,5.89,6.01,299806
TRYB,09/09/2008,6.04,6.07,5.51,5.52,581944
TRYB,09/10/2008,5.59,5.64,5.46,5.49,403627
TRYB,09/11/2008,5.42,5.5,5.31,5.44,275122
TRYB,09/12/2008,5.39,5.5,5.21,5.49,224942
TRYB,09/15/2008,5.61,5.61,5.2,5.24,260521
TRYB,09/16/2008,5.09,5.28,4.72,5.25,493882
TRYB,09/17/2008,5.06,5.31,4.89,4.92,702123
TRYB,09/18/2008,5.34,6.1,4.9,6.1,1743805
TRYB,09/19/2008,6.1,6.47,5.23,5.44,1854662
TRYB,09/22/2008,5.4,5.5,5.11,5.16,1098307
TRYB,09/23/2008,5.09,5.25,5.06,5.11,1416788
TRYB,09/24/2008,5.2,5.3,5.12,5.14,1302307
TRYB,09/25/2008,5.18,5.31,5.15,5.23,828889
TRYB,09/26/2008,4.99,5.43,4.99,5.43,492292
TRYB,09/29/2008,5.6,6.75,4.2,6.75,28950252
