,JASA,US,Equity,,,
,Date,PX_OPEN,PX_HIGH,PX_LOW,PX_LAST,PX_VOLUME
,01/02/1996,13.375,13.375,13,13.25,12600
JASA,01/03/1996,13.125,13.125,12.5,12.5,5700
JASA,01/04/1996,12.375,13,12.375,13,11900
JASA,01/05/1996,13.125,13.375,13,13.375,78800
JASA,01/08/1996,13.5,13.5,13.5,13.5,2500
JASA,01/09/1996,13.5,13.5,13.375,13.375,10600
JASA,01/10/1996,13.5,13.5,13,13,16300
JASA,01/11/1996,12.875,13.375,12.75,13.375,5600
JASA,01/12/1996,13.25,13.75,13.25,13.75,7700
JASA,01/15/1996,13.625,13.875,13.5,13.5,4700
JASA,01/16/1996,13.5,13.875,13.5,13.875,8800
JASA,01/17/1996,13.75,13.75,13.625,13.75,6300
JASA,01/18/1996,13.625,13.75,13.625,13.75,1100
JASA,01/19/1996,13.75,13.75,13.125,13.375,106600
JASA,01/22/1996,13.25,13.5,13.25,13.5,2400
JASA,01/23/1996,13.25,14.125,13.125,13.75,14800
JASA,01/24/1996,13.75,14.125,13.75,14.125,1900
JASA,01/25/1996,14,14.875,14,14.875,7700
JASA,01/26/1996,14.75,14.75,14.25,14.25,3400
JASA,01/29/1996,14.125,14.125,13.625,14,9300
JASA,01/30/1996,13.875,13.875,13.5,13.625,1100
JASA,01/31/1996,13.625,13.75,13.5,13.625,2100
JASA,02/01/1996,13.75,14.125,13.75,14.125,16600
JASA,02/02/1996,14,14.25,14,14,4400
JASA,02/05/1996,13.875,14.25,13.75,14.25,7600
JASA,02/06/1996,14.125,14.25,14,14,1000
JASA,02/07/1996,14,14.125,14,14.125,4200
JASA,02/08/1996,14.125,14.25,14,14.25,7700
JASA,02/09/1996,14,14,13.625,13.625,4100
JASA,02/12/1996,13.375,13.5,13.375,13.375,3500
JASA,02/13/1996,13.25,13.375,13.125,13.25,20600
JASA,02/14/1996,13,13.125,13,13.125,2000
JASA,02/15/1996,12.875,12.875,11.875,11.875,30000
JASA,02/16/1996,11.625,11.875,11.625,11.875,4400
JASA,02/20/1996,11.75,11.875,11.75,11.875,1500
JASA,02/21/1996,11.75,12.125,11.75,11.875,3800
JASA,02/22/1996,12.125,12.25,12,12.125,12000
JASA,02/23/1996,12,12,11.625,12,7400
JASA,02/26/1996,12,12.125,11.875,12.125,1700
JASA,02/27/1996,12.375,12.875,12.375,12.75,9600
JASA,02/28/1996,12.875,12.875,12.125,12.25,38100
JASA,02/29/1996,12.125,12.25,12,12.25,6000
JASA,03/01/1996,12.25,12.625,12.25,12.625,12300
JASA,03/04/1996,12.5,12.625,12.25,12.5,8500
JASA,03/05/1996,12.5,12.5,12.375,12.5,3100
JASA,03/06/1996,12.5,12.75,12.5,12.625,6600
JASA,03/07/1996,12.75,12.875,12.625,12.875,2900
JASA,03/08/1996,12.75,12.875,12.5,12.625,3300
JASA,03/11/1996,12.375,12.375,12,12.375,17700
JASA,03/12/1996,12.25,12.625,12.25,12.625,2900
JASA,03/13/1996,12.5,12.5,12.375,12.375,3200
JASA,03/14/1996,12.5,12.75,12.5,12.625,5200
JASA,03/15/1996,12.625,12.625,12.5,12.5,6500
JASA,03/18/1996,12.5,12.5,12.5,12.5,400
JASA,03/19/1996,12.5,12.5,12.5,12.5,1600
JASA,03/20/1996,12.375,12.375,12.25,12.25,2700
JASA,03/21/1996,12.25,12.375,12.125,12.375,13000
JASA,03/22/1996,12.25,12.375,12.125,12.25,7700
JASA,03/25/1996,12.125,12.125,11.875,12,3400
JASA,03/26/1996,11.875,12,11.875,12,1800
JASA,03/27/1996,12,12,11.875,12,10800
JASA,03/28/1996,11.75,11.75,11.75,11.75,4700
JASA,03/29/1996,11.5,11.625,11.5,11.5,11300
JASA,04/01/1996,11.375,11.375,11.125,11.125,11500
JASA,04/02/1996,11.125,11.125,10.875,11,1900
JASA,04/03/1996,11,11,11,11,1500
JASA,04/04/1996,11,11,10.875,11,17100
JASA,04/08/1996,10.875,10.875,10.75,10.75,14900
JASA,04/09/1996,10.75,10.75,10.375,10.375,58200
JASA,04/10/1996,10.375,10.375,10.25,10.25,160300
JASA,04/11/1996,10.375,10.875,10.375,10.875,339400
JASA,04/12/1996,11,11.25,11,11.25,20700
JASA,04/15/1996,11.125,11.125,11.125,11.125,1600
JASA,04/16/1996,11.25,11.375,11,11,2500
JASA,04/17/1996,10.875,10.875,10.625,10.875,4600
JASA,04/18/1996,10.875,10.875,10.125,10.375,5600
JASA,04/19/1996,10.625,10.625,10.375,10.5,11600
JASA,04/22/1996,10.5,10.5,10.125,10.25,12000
JASA,04/23/1996,10.25,10.25,10.125,10.25,17400
JASA,04/24/1996,10,10.125,10,10.125,6800
JASA,04/25/1996,9.875,9.875,9.875,9.875,7700
JASA,04/26/1996,10,10.25,10,10,167000
JASA,04/29/1996,10.125,10.25,10,10.25,5200
JASA,04/30/1996,10.125,10.25,10.125,10.25,3100
JASA,05/01/1996,10.25,10.75,10.25,10.75,38100
JASA,05/02/1996,10.75,11.75,10.75,11.75,33400
JASA,05/03/1996,11.875,11.875,11.875,11.875,88600
JASA,05/06/1996,11.875,11.875,11.75,11.75,15900
JASA,05/07/1996,11.875,11.875,11.875,11.875,25000
JASA,05/08/1996,11.875,12.0625,11.875,12,40700
JASA,05/09/1996,12,12,11.875,12,32500
JASA,05/10/1996,12,12.125,12,12.125,7900
JASA,05/13/1996,12,12.125,11.875,12,15700
JASA,05/14/1996,12,12.125,11.875,12,4800
JASA,05/15/1996,12,12.5,12,12.25,19900
JASA,05/16/1996,12.25,12.75,12.25,12.75,10900
JASA,05/17/1996,12.875,13.5,12.875,13.5,22200
JASA,05/20/1996,13.5,13.625,13.5,13.5,31700
JASA,05/21/1996,13.375,13.5,13.375,13.5,1400
JASA,05/22/1996,13.375,13.375,13.375,13.375,100
JASA,05/23/1996,13.375,13.75,13.375,13.5,3700
JASA,05/24/1996,13.625,13.875,13.625,13.875,300
JASA,05/28/1996,13.875,14,13.875,14,17000
JASA,05/29/1996,14.125,14.125,13.75,13.75,15000
JASA,05/30/1996,14,14.25,14,14.125,16900
JASA,05/31/1996,14.25,14.75,14.25,14.75,26900
JASA,06/03/1996,15,15.5,15,15.5,22200
JASA,06/04/1996,15.625,15.75,15.375,15.625,22200
JASA,06/05/1996,15.75,15.75,15,15.125,24600
JASA,06/06/1996,15.125,15.125,14.625,14.625,13300
JASA,06/07/1996,14.5,14.625,14.5,14.625,2400
JASA,06/10/1996,14.75,14.75,14.625,14.75,1800
JASA,06/11/1996,14.625,15.25,14.375,15.125,17900
JASA,06/12/1996,15.125,15.375,15,15.375,7400
JASA,06/13/1996,15.375,15.75,15,15.5,17100
JASA,06/14/1996,15.375,15.5,15.125,15.125,3800
JASA,06/17/1996,15,15.875,15,15.875,12100
JASA,06/18/1996,15.625,15.625,15.5,15.625,8600
JASA,06/19/1996,15.5,15.5,15.5,15.5,14900
JASA,06/20/1996,15.375,15.375,15.25,15.25,9700
JASA,06/21/1996,15.25,15.5,15.25,15.5,8000
JASA,06/24/1996,15.625,15.75,15.625,15.625,13300
JASA,06/25/1996,15.875,15.875,15.75,15.875,27700
JASA,06/26/1996,15.875,15.875,15.25,15.625,9100
JASA,06/27/1996,15.5,15.625,15.375,15.5,4600
JASA,06/28/1996,15.75,16.5,15.75,16.5,29200
JASA,07/01/1996,16.5,16.5,16.25,16.25,7600
JASA,07/02/1996,16.5,16.75,16.375,16.75,36200
JASA,07/03/1996,17,17,16.625,16.875,10100
JASA,07/05/1996,16.75,16.875,16.75,16.875,500
JASA,07/08/1996,16.875,17,16.5,16.625,10500
JASA,07/09/1996,16.5,16.5,16.25,16.25,900
JASA,07/10/1996,16.125,16.125,16,16.125,2400
JASA,07/11/1996,16.25,16.375,16.125,16.25,2000
JASA,07/12/1996,16.25,16.25,15.5,15.5,3600
JASA,07/15/1996,14.5,14.5,14.375,14.375,17300
JASA,07/16/1996,14.375,14.375,14.125,14.125,2100
JASA,07/17/1996,14.125,14.5,14.125,14.5,13300
JASA,07/18/1996,14.375,14.75,14.25,14.625,20700
JASA,07/19/1996,14.625,14.75,14.625,14.625,7000
JASA,07/22/1996,14.5,14.5,14.375,14.375,7900
JASA,07/23/1996,14.5,14.625,14.5,14.5,6000
JASA,07/24/1996,14.125,14.25,14.125,14.125,19000
JASA,07/25/1996,14.125,14.125,14.125,14.125,1000
JASA,07/26/1996,14.125,14.375,14.125,14.375,5600
JASA,07/29/1996,14.25,14.25,14.25,14.25,800
JASA,07/30/1996,14.375,14.375,14.375,14.375,3600
JASA,07/31/1996,14.625,15,14.625,14.875,8600
JASA,08/01/1996,15,15.375,15,15.375,11500
JASA,08/02/1996,15.25,15.375,15.125,15.25,17000
JASA,08/05/1996,15.375,15.375,15,15,18600
JASA,08/06/1996,15,15.125,15,15.125,1400
JASA,08/07/1996,15.125,15.125,15,15,153000
JASA,08/08/1996,14.75,14.75,14.625,14.625,1000
JASA,08/09/1996,14.625,14.625,14.5,14.5,2000
JASA,08/12/1996,14.375,14.375,14.25,14.25,900
JASA,08/13/1996,14.125,14.25,14.125,14.125,600
JASA,08/14/1996,14.125,14.25,14.125,14.25,1600
JASA,08/16/1996,14.125,14.25,14.125,14.25,500
JASA,08/19/1996,14.25,14.25,14.25,14.25,300
JASA,08/20/1996,14.25,14.25,14.25,14.25,8300
JASA,08/23/1996,14,14.0625,14,14.0625,1900
JASA,08/26/1996,14,14,13.5,13.9375,21300
JASA,08/27/1996,14,14.125,13.875,13.875,700
JASA,08/28/1996,13.75,13.75,13.75,13.75,300
JASA,08/29/1996,13.75,13.75,13.5,13.5,2400
JASA,08/30/1996,13.5,13.5,13.5,13.5,2300
JASA,09/03/1996,13.75,13.875,13.5,13.625,7400
JASA,09/04/1996,13.75,13.875,13.625,13.625,2700
JASA,09/05/1996,13.625,13.625,13.625,13.625,1200
JASA,09/06/1996,13.75,13.75,13.625,13.625,700
JASA,09/09/1996,13.625,13.625,13.375,13.5,3300
JASA,09/10/1996,13.5,13.625,13.375,13.5,13300
JASA,09/11/1996,13.5,13.5,12.625,12.625,16300
JASA,09/12/1996,12.75,12.75,12.625,12.625,1000
JASA,09/13/1996,12.625,12.75,12.5,12.5,6000
JASA,09/16/1996,12.75,12.75,12.625,12.625,12100
JASA,09/17/1996,12.75,12.75,12.75,12.75,5300
JASA,09/18/1996,12.625,13,12.625,12.875,1700
JASA,09/19/1996,12.875,12.875,12.875,12.875,2500
JASA,09/20/1996,13,13.375,12.875,13.375,21000
JASA,09/23/1996,13.375,13.375,13.375,13.375,7100
JASA,09/24/1996,13.375,13.375,13,13,5900
JASA,09/25/1996,12.875,12.875,12.75,12.75,1200
JASA,09/26/1996,12.625,12.875,12.625,12.875,300
JASA,09/27/1996,12.75,12.75,12.75,12.75,100
JASA,09/30/1996,12.75,13,12.75,12.875,2400
JASA,10/01/1996,13,13,12.875,12.875,2400
JASA,10/02/1996,12.875,13,12.875,13,500
JASA,10/03/1996,12.875,12.875,12.875,12.875,100
JASA,10/04/1996,13.125,13.375,13.125,13.375,7100
JASA,10/07/1996,13.5,13.5,13.125,13.25,7400
JASA,10/08/1996,13.125,13.5,13.125,13.5,10500
JASA,10/09/1996,13.375,13.375,13.375,13.375,500
JASA,10/10/1996,13.375,13.375,13.25,13.25,2000
JASA,10/11/1996,13.125,13.125,12.875,12.875,4500
JASA,10/14/1996,13.125,13.25,13.125,13.25,5800
JASA,10/15/1996,13.25,13.25,13.125,13.125,3900
JASA,10/16/1996,13,13.25,13,13.25,8800
JASA,10/17/1996,13.125,13.25,13.125,13.25,28000
JASA,10/18/1996,13.125,13.25,13.125,13.25,19800
JASA,10/21/1996,13.125,13.125,13.125,13.125,200
JASA,10/22/1996,13,13,12.75,12.75,36900
JASA,10/23/1996,12.875,12.875,12.875,12.875,700
JASA,10/24/1996,12.875,12.875,12.75,12.875,15100
JASA,10/25/1996,12.625,12.875,12.625,12.875,1400
JASA,10/28/1996,12.875,12.875,12.75,12.75,2200
JASA,10/29/1996,12.75,12.875,12.625,12.625,600
JASA,10/30/1996,12.75,12.875,12.75,12.875,1500
JASA,10/31/1996,12.875,13.125,12.875,13,25100
JASA,11/01/1996,12.75,13,12.75,13,3100
JASA,11/04/1996,13,13,13,13,1900
JASA,11/05/1996,12.875,13.125,12.875,13.125,5200
JASA,11/06/1996,13.25,13.75,13.25,13.5,19500
JASA,11/07/1996,13.5,13.5,13.375,13.375,3700
JASA,11/08/1996,13.375,13.375,13.25,13.25,800
JASA,11/11/1996,13.25,13.375,13.125,13.125,12100
JASA,11/12/1996,13.5,13.625,13.125,13.125,24600
JASA,11/13/1996,13.125,13.25,13.125,13.125,19900
JASA,11/14/1996,13.375,13.75,13.375,13.625,50500
JASA,11/15/1996,13.875,14.625,13.875,14.25,16400
JASA,11/18/1996,14.375,14.5,14.375,14.5,6900
JASA,11/19/1996,14.375,14.375,13.75,13.75,5700
JASA,11/20/1996,13.75,13.75,13.75,13.75,700
JASA,11/21/1996,13.875,14.375,13.875,14.375,21200
JASA,11/22/1996,14.375,14.5,14.375,14.5,5200
JASA,11/25/1996,14.375,14.875,14.25,14.875,25900
JASA,11/26/1996,14.75,14.875,14.75,14.875,11600
JASA,11/27/1996,14.875,15.375,14.875,15.375,12200
JASA,11/29/1996,15.25,15.625,15.25,15.5,9300
JASA,12/02/1996,15.5,15.875,15.5,15.875,16500
JASA,12/03/1996,16,17,16,16.875,13500
JASA,12/04/1996,16.75,16.875,16.5,16.5,6400
JASA,12/05/1996,16.375,16.5,16.375,16.375,11100
JASA,12/06/1996,16.25,16.375,16.25,16.375,2000
JASA,12/09/1996,16.375,16.75,16.375,16.75,3300
JASA,12/10/1996,16.75,16.75,16.5,16.5,6400
JASA,12/11/1996,16.375,16.5,16.375,16.5,1700
JASA,12/12/1996,16.625,16.625,16.25,16.25,4900
JASA,12/13/1996,16.375,16.375,16.25,16.25,3200
JASA,12/16/1996,16.25,16.625,16.25,16.625,7100
JASA,12/17/1996,16.625,16.75,16.625,16.75,1300
JASA,12/18/1996,16.75,16.75,16.625,16.625,3600
JASA,12/19/1996,16.625,16.75,16.625,16.625,7700
JASA,12/20/1996,16.625,16.625,16.25,16.625,5800
JASA,12/23/1996,16.5,16.5,16,16,3800
JASA,12/24/1996,15.875,15.875,15.875,15.875,300
JASA,12/26/1996,15.625,15.875,15.375,15.875,7100
JASA,12/27/1996,15.875,15.875,15.875,15.875,2800
JASA,12/30/1996,16,16,16,16,1500
JASA,12/31/1996,16,16.25,16,16.125,6500
JASA,01/02/1997,16.125,16.125,15.875,16.125,3400
JASA,01/03/1997,16.25,16.5,16.25,16.5,8700
JASA,01/06/1997,16.5,16.5,16.125,16.125,26400
JASA,01/07/1997,16.375,16.375,16,16,7400
JASA,01/08/1997,16.125,16.125,15.25,15.375,5600
JASA,01/09/1997,15.5,15.5,15.375,15.375,4600
JASA,01/10/1997,15.25,15.625,15.25,15.5,9400
JASA,01/13/1997,15.25,15.375,15.25,15.25,6300
JASA,01/14/1997,15.5,15.625,15.5,15.5,6800
JASA,01/15/1997,15.625,15.75,15.625,15.625,2400
JASA,01/16/1997,15.75,16,15.75,15.875,2600
JASA,01/17/1997,15.75,15.875,15.75,15.875,7000
JASA,01/20/1997,15.75,15.75,15.375,15.5,10500
JASA,01/21/1997,15.5,15.5,15.25,15.375,30900
JASA,01/22/1997,15.125,15.125,15.125,15.125,7400
JASA,01/23/1997,15.125,15.125,15,15,3300
JASA,01/24/1997,15,15.25,14.875,15.25,6200
JASA,01/27/1997,15.25,15.625,15.25,15.5,6200
JASA,01/28/1997,15.625,15.75,15.625,15.625,1400
JASA,01/29/1997,15.625,15.625,15.625,15.625,1000
JASA,01/30/1997,15.75,16.125,15.75,16.125,1200
JASA,01/31/1997,16.125,16.125,16,16,9100
JASA,02/04/1997,16.25,16.25,16.125,16.125,11500
JASA,02/05/1997,16.125,16.375,16.125,16.375,4600
JASA,02/06/1997,16.375,16.375,16.125,16.125,4500
JASA,02/07/1997,16.25,16.25,15.75,15.75,10600
JASA,02/10/1997,15.75,15.875,15.75,15.75,700
JASA,02/11/1997,15.875,15.875,15.875,15.875,800
JASA,02/12/1997,16,16.25,16,16.25,1900
JASA,02/13/1997,16.25,16.75,16.25,16.75,6400
JASA,02/14/1997,16.75,16.875,16.5,16.5,7100
JASA,02/18/1997,16.375,16.375,16.375,16.375,100
JASA,02/19/1997,16.25,16.25,16,16,1300
JASA,02/20/1997,16.25,16.25,16.125,16.125,7900
JASA,02/21/1997,16.125,16.125,15.75,16,4200
JASA,02/24/1997,15.75,16.375,15.75,16.25,3800
JASA,02/25/1997,16.25,16.25,16.25,16.25,1000
JASA,02/26/1997,16.25,16.5,16.25,16.25,10700
JASA,02/27/1997,16.25,16.5,16.25,16.5,3900
JASA,02/28/1997,16.375,16.5,16.375,16.375,6100
JASA,03/03/1997,16.375,16.5,16.375,16.5,3800
JASA,03/04/1997,16.625,16.875,16.5,16.875,17800
JASA,03/05/1997,17,17.5,16.875,17.375,30900
JASA,03/06/1997,17.5,18.25,17.5,18,8700
JASA,03/07/1997,18.125,18.25,17.875,17.875,5200
JASA,03/10/1997,17.875,17.875,17.125,17.5,16900
JASA,03/11/1997,17.5,18,17.375,18,12300
JASA,03/12/1997,18,18.375,17.875,18.375,6200
JASA,03/13/1997,18.375,18.75,18.25,18.25,11800
JASA,03/14/1997,18.75,19.125,18.75,18.875,30000
JASA,03/17/1997,19.25,19.25,18.875,19.125,26700
JASA,03/18/1997,19.25,19.375,19,19.125,8900
JASA,03/19/1997,19.25,19.25,18.75,18.75,5200
JASA,03/20/1997,18.625,18.75,18.625,18.625,2700
JASA,03/21/1997,18.25,19,18.25,18.875,13400
JASA,03/24/1997,19.125,19.375,19.125,19.125,12000
JASA,03/25/1997,19,19,19,19,8100
JASA,03/26/1997,18.75,18.875,18.625,18.625,5900
JASA,03/27/1997,18.625,18.625,18.5,18.625,5000
JASA,03/31/1997,18.5,18.625,18.5,18.625,5600
JASA,04/01/1997,18.5,18.625,18.375,18.375,2800
JASA,04/02/1997,18.375,18.5,18.125,18.125,9000
JASA,04/03/1997,18.25,18.625,18.25,18.5,11400
JASA,04/04/1997,18.75,18.875,18.625,18.875,5200
JASA,04/07/1997,18.625,18.875,18.625,18.875,2000
JASA,04/08/1997,18.75,18.875,18.375,18.375,26200
JASA,04/09/1997,18.375,18.625,18.375,18.375,6400
JASA,04/10/1997,18.5,18.625,18.5,18.5,4300
JASA,04/11/1997,18.25,18.625,18.25,18.5,8200
JASA,04/14/1997,18.5,18.625,18.375,18.625,3000
JASA,04/15/1997,18.625,18.75,18.5,18.5,10400
JASA,04/16/1997,18.375,18.625,18.375,18.625,2300
JASA,04/17/1997,18.625,18.875,18.625,18.75,4300
JASA,04/18/1997,18.75,19.125,18.75,19.125,14400
JASA,04/21/1997,19.25,19.375,19,19.25,13700
JASA,04/22/1997,19.375,19.375,19,19,2300
JASA,04/23/1997,19.125,19.5,19.125,19.375,13800
JASA,04/24/1997,19.5,19.875,19.5,19.875,44200
JASA,04/25/1997,19.625,19.625,19.5,19.5,5000
JASA,04/28/1997,19.5,19.625,19.375,19.5,5900
JASA,04/29/1997,19.75,19.875,19.75,19.75,2100
JASA,04/30/1997,19.875,20.25,19.875,20.125,24000
JASA,05/01/1997,20.125,20.875,20.125,20.75,32900
JASA,05/02/1997,21,23,21,23,64100
JASA,05/05/1997,23,23,22.25,22.375,69700
JASA,05/06/1997,22.5,22.5,22.125,22.25,10900
JASA,05/07/1997,22.375,22.375,22.25,22.375,8200
JASA,05/08/1997,22.375,22.375,22.125,22.125,73000
JASA,05/09/1997,22.125,22.375,22.125,22.125,75300
JASA,05/12/1997,22.125,22.25,21.875,21.875,5000
JASA,05/13/1997,21.75,22,21.5,21.75,11600
JASA,05/14/1997,21.75,21.75,21.5,21.5,6700
JASA,05/15/1997,21.375,21.375,21.125,21.25,4600
JASA,05/16/1997,21.375,21.375,21.125,21.125,4400
JASA,05/19/1997,21.625,21.625,21.5,21.5,13500
JASA,05/20/1997,22.5,23,22.5,22.75,79700
JASA,05/21/1997,22.875,23,22.875,23,69800
JASA,05/22/1997,22.875,23.25,22.875,23.125,11500
JASA,05/23/1997,23.125,23.375,23.125,23.375,20700
JASA,05/27/1997,23.625,23.75,23,23,41700
JASA,05/28/1997,23.25,23.375,23.125,23.125,7100
JASA,05/29/1997,23.25,23.5,23,23.5,18900
JASA,05/30/1997,23.5,23.875,23,23.5,47200
JASA,06/02/1997,23,23.5,23,23,56200
JASA,06/03/1997,23,23.375,23,23.375,40400
JASA,06/04/1997,23.5,24,23.375,23.625,11800
JASA,06/05/1997,23.75,23.75,23.625,23.75,4800
JASA,06/06/1997,23.875,23.875,23.625,23.75,14200
JASA,06/09/1997,24,24,23.5,23.625,91400
JASA,06/10/1997,23.5,23.75,23.375,23.625,63300
JASA,06/11/1997,23.75,24,23.75,24,20100
JASA,06/12/1997,24,24.25,23.75,24.25,41200
JASA,06/13/1997,24.5,24.625,24.5,24.625,24200
JASA,06/16/1997,24.625,24.875,24.5,24.625,14600
JASA,06/17/1997,24.75,25.25,24.625,25.125,28200
JASA,06/18/1997,25.25,25.375,25.125,25.25,22500
JASA,06/19/1997,25.25,25.625,25.125,25.625,31700
JASA,06/20/1997,24.75,25.25,24.75,25.125,36800
JASA,06/23/1997,25.25,25.625,25.25,25.5,13800
JASA,06/24/1997,25.75,25.875,25.6875,25.875,10600
JASA,06/25/1997,25.875,26.5,25.875,26.375,35000
JASA,06/26/1997,26.375,26.375,26,26.3125,10500
JASA,06/27/1997,26.375,26.375,26.375,26.375,1800
JASA,06/30/1997,26.375,27.25,26.375,27.25,9700
JASA,07/01/1997,27.25,27.25,27,27.0625,20700
JASA,07/02/1997,27,27.0625,27,27,14700
JASA,07/03/1997,27.125,27.125,27,27,1800
JASA,07/07/1997,26.875,27,26.75,26.75,7200
JASA,07/08/1997,26.625,27.5,26.625,27.5,24000
JASA,07/09/1997,27.5,27.5,27.25,27.25,11200
JASA,07/10/1997,27.25,27.375,27.125,27.375,61000
JASA,07/11/1997,27.375,27.5625,27.3125,27.3125,6300
JASA,07/14/1997,27.375,27.5625,27.375,27.5,4400
JASA,07/15/1997,27.5,27.5625,27.375,27.5,1400
JASA,07/16/1997,27.5,27.5625,27.5,27.5625,2200
JASA,07/17/1997,27.5625,27.5625,27.3125,27.3125,2000
JASA,07/18/1997,27.1875,27.8125,26.75,27.25,14300
JASA,07/21/1997,27.25,27.25,26.625,26.75,3100
JASA,07/22/1997,26.8125,26.9375,26.625,26.9375,11100
JASA,07/23/1997,26.3125,26.5625,26.3125,26.5625,8800
JASA,07/24/1997,26.5,26.5,26.1875,26.3125,17500
JASA,07/25/1997,26.3125,26.375,26.1875,26.25,12900
JASA,07/28/1997,26.5,26.5,26.4375,26.4375,2300
JASA,07/29/1997,26.625,26.625,26.5625,26.625,1100
JASA,07/30/1997,26.5625,26.75,26.1875,26.25,18200
JASA,07/31/1997,26.375,26.375,26.0625,26.0625,24300
JASA,08/01/1997,26.0625,26.5,26.0625,26.5,3100
JASA,08/04/1997,26.375,26.4375,25.8125,25.9375,35200
JASA,08/05/1997,26,26,25.625,25.8125,34650
JASA,08/06/1997,25.75,26.1875,25.75,25.75,27400
JASA,08/07/1997,25.75,25.75,25.25,25.3125,2700
JASA,08/08/1997,25.1875,25.1875,24.4375,24.8125,12500
JASA,08/11/1997,24.375,24.375,24,24.0625,9700
JASA,08/12/1997,24,24.125,24,24.0625,1800
JASA,08/13/1997,24.0625,24.0625,24.0625,24.0625,1700
JASA,08/14/1997,24.0625,24.125,23.5625,23.75,8600
JASA,08/15/1997,23.25,23.5,23.25,23.4375,6400
JASA,08/18/1997,23.4375,23.5,23.4375,23.5,1900
JASA,08/19/1997,23.6875,24.125,23.5,23.75,12400
JASA,08/20/1997,23.8125,25,23.8125,25,24300
JASA,08/21/1997,25.125,25.125,24.625,24.8125,5400
JASA,08/22/1997,24.75,24.75,24.25,24.375,2400
JASA,08/25/1997,24.375,24.375,24.25,24.3125,1800
JASA,08/26/1997,24.3125,24.3125,23.9375,23.9375,15000
JASA,08/27/1997,23.9375,24.1875,23.9375,24.1875,15900
JASA,08/28/1997,24.25,24.5,24.1875,24.375,19600
JASA,08/29/1997,24.375,24.4375,24.3125,24.375,5000
JASA,09/02/1997,24.375,24.5625,24.3125,24.3125,4800
JASA,09/03/1997,24.375,24.375,24.1875,24.25,1700
JASA,09/04/1997,24.25,24.25,24,24.1875,12500
JASA,09/05/1997,24.1875,24.5625,24,24.4375,6700
JASA,09/08/1997,24.1875,24.5625,24.1875,24.5625,3700
JASA,09/09/1997,24.4375,24.8125,24.3125,24.75,4600
JASA,09/10/1997,24.8125,25,24.8125,25,1500
JASA,09/11/1997,25.125,25.125,24.3125,24.5,6300
JASA,09/12/1997,24.75,25.1875,24.625,25.1875,5300
JASA,09/15/1997,25.3125,25.3125,24.6875,24.6875,7500
JASA,09/16/1997,24.5,24.5625,24.4375,24.5,8700
JASA,09/17/1997,24.5,24.5,23.875,24.25,11100
JASA,09/18/1997,24.125,24.5,23.75,23.9375,41600
JASA,09/19/1997,23.75,23.9375,23.625,23.8125,51400
JASA,09/22/1997,23.875,24.25,23.875,24.1875,5400
JASA,09/23/1997,24.25,24.25,23.5,23.9375,16800
JASA,09/24/1997,23.6875,24,23.6875,23.9375,3700
JASA,09/25/1997,23.875,24,23.875,24,700
JASA,09/26/1997,23.875,23.9375,23.875,23.875,4200
JASA,09/29/1997,23.8125,23.875,23.125,23.625,43300
JASA,09/30/1997,23.4375,23.4375,22.875,23.125,104400
JASA,10/01/1997,23.1875,23.5,23.1875,23.5,90600
JASA,10/02/1997,23.625,23.6875,23.5,23.5,29000
JASA,10/03/1997,23.5625,23.75,23.25,23.5625,42400
JASA,10/06/1997,23.6875,23.9375,23.625,23.875,6500
JASA,10/07/1997,23.75,23.9375,23.75,23.8125,8200
JASA,10/08/1997,23.9375,24.375,23.75,24.125,21700
JASA,10/09/1997,24.25,24.375,24.125,24.25,15700
JASA,10/10/1997,24.3125,24.5,24.0625,24.1875,4800
JASA,10/13/1997,24.1875,24.1875,23.875,23.875,11600
JASA,10/14/1997,23.8125,24,23.8125,24,9200
JASA,10/15/1997,23.9375,24,23.9375,24,2200
JASA,10/16/1997,23.875,24.125,23.5,23.5,6800
JASA,10/17/1997,23.25,23.5,23,23.1875,18200
JASA,10/20/1997,23.3125,23.3125,22.8125,22.8125,8400
JASA,10/21/1997,22.8125,23.0625,22.8125,23.0625,43100
JASA,10/22/1997,23,23.5,23,23.3125,9200
JASA,10/23/1997,23.25,23.375,23.125,23.1875,5200
JASA,10/24/1997,23.4375,23.5,23.375,23.375,5900
JASA,10/27/1997,23.3125,23.3125,22.75,22.75,9100
JASA,10/28/1997,22.75,22.9375,22.625,22.625,12500
JASA,10/29/1997,22.75,23,22.5625,22.6875,19300
JASA,10/30/1997,22.625,22.75,22.25,22.25,8600
JASA,10/31/1997,22.25,22.3125,21.5625,21.625,21700
JASA,11/03/1997,21.625,21.6875,21.1875,21.5625,33500
JASA,11/04/1997,21.4375,21.75,21.4375,21.75,7600
JASA,11/05/1997,21.6875,21.75,21.5625,21.6875,6300
JASA,11/06/1997,21.75,21.75,21.375,21.375,7400
JASA,11/07/1997,21.375,21.4375,20.9375,21,10200
JASA,11/10/1997,21.125,21.125,20.625,20.75,9300
JASA,11/11/1997,20.75,20.9375,20.75,20.9375,6600
JASA,11/12/1997,21,21,20.8125,20.8125,13900
JASA,11/13/1997,20.8125,21,20.8125,20.875,21800
JASA,11/14/1997,20.875,20.9375,20.75,20.875,16500
JASA,11/17/1997,20.875,21,20.875,21,12200
JASA,11/18/1997,21,21,20.5,20.875,39800
JASA,11/19/1997,20.9375,20.9375,20.25,20.25,22100
JASA,11/20/1997,20.25,20.75,20.25,20.75,7700
JASA,11/21/1997,20.75,20.75,20.25,20.6875,152100
JASA,11/24/1997,20.875,20.9375,20.75,20.875,14700
JASA,11/25/1997,20.9375,20.9375,20.625,20.75,8800
JASA,11/26/1997,20.875,21,20.4375,20.9375,15400
JASA,11/28/1997,20.9375,21,20.9375,20.9375,8100
JASA,12/01/1997,21,21,20.25,20.4375,11300
JASA,12/02/1997,20.3125,20.3125,19.875,20.1875,38600
JASA,12/03/1997,20.125,20.5,20.125,20.5,8800
JASA,12/04/1997,20.5625,20.5625,20.5625,20.5625,1100
JASA,12/05/1997,20.5,21,20.5,20.9375,22800
JASA,12/08/1997,20.9375,21.5,20.9375,21.5,17200
JASA,12/09/1997,21.5,21.6875,21.3125,21.375,10600
JASA,12/10/1997,21,21,20.625,20.625,12800
JASA,12/11/1997,20.3125,20.75,20.3125,20.75,7100
JASA,12/12/1997,20.8125,21,20.75,21,4000
JASA,12/15/1997,21,21,20.5,20.9375,319900
JASA,12/16/1997,21,21,20.75,21,7400
JASA,12/17/1997,21,21.5,21,21.3125,5200
JASA,12/18/1997,21.375,21.75,21.375,21.6875,16300
JASA,12/19/1997,21.625,21.75,21.5625,21.625,78500
JASA,12/22/1997,21.5,21.6875,21.5,21.6875,6800
JASA,12/23/1997,21.75,21.8125,21.6875,21.75,39700
JASA,12/24/1997,21.75,21.75,21.625,21.625,2000
JASA,12/29/1997,21.625,21.8125,21.625,21.8125,3300
JASA,12/30/1997,21.8125,22.1875,21.8125,22.125,7000
JASA,12/31/1997,22.0625,22.375,22,22.3125,5700
JASA,01/02/1998,22.375,22.4375,22.25,22.4375,5700
JASA,01/05/1998,22.375,22.625,22.1875,22.625,11100
JASA,01/06/1998,22.625,22.6875,22.4375,22.4375,2100
JASA,01/07/1998,22.4375,22.6875,22.4375,22.6875,3500
JASA,01/08/1998,22.8125,22.875,22.8125,22.875,1000
JASA,01/09/1998,22.625,22.625,22.5,22.5,1200
JASA,01/12/1998,22.4375,22.4375,22.3125,22.3125,1800
JASA,01/13/1998,22.4375,22.4375,22,22.125,11400
JASA,01/14/1998,22.0625,22.1875,22.0625,22.125,4000
JASA,01/15/1998,22.125,22.5,22.125,22.4375,3000
JASA,01/16/1998,22.5,23,22.5,23,6700
JASA,01/20/1998,23.25,23.375,23.1875,23.375,7300
JASA,01/21/1998,23.25,23.3125,23.25,23.3125,4400
JASA,01/22/1998,23.3125,23.5625,23.3125,23.5625,6200
JASA,01/23/1998,23.5,23.625,23.5,23.5625,3800
JASA,01/26/1998,23.6875,23.6875,23.4375,23.5,6300
JASA,01/27/1998,23.4375,25,23.4375,25,23100
JASA,01/28/1998,24.9375,24.9375,24.5625,24.5625,5000
JASA,01/29/1998,24.5,24.5,24.25,24.4375,3400
JASA,01/30/1998,24.375,24.4375,24.375,24.375,1300
JASA,02/02/1998,24.5,24.6875,24.25,24.5,26100
JASA,02/03/1998,24.5,25,24.5,24.8125,32100
JASA,02/04/1998,24.75,25.125,24.75,25.0625,17900
JASA,02/05/1998,25,25.125,25,25.125,11200
JASA,02/06/1998,25.125,25.125,24.9375,25,6600
JASA,02/09/1998,25.125,25.3125,25.125,25.125,7600
JASA,02/10/1998,25.25,25.5,25.25,25.25,3100
JASA,02/11/1998,25.5,25.5,25.25,25.4375,3200
JASA,02/12/1998,25.3125,25.5,25.3125,25.375,6900
JASA,02/13/1998,25.3125,25.875,25.3125,25.875,5400
JASA,02/17/1998,25.8125,26.125,25.8125,25.9375,5900
JASA,02/18/1998,26.125,26.75,26.125,26.625,18800
JASA,02/19/1998,26.4375,26.875,26.4375,26.875,7500
JASA,02/20/1998,26.75,27.1875,26.75,27.1875,11600
JASA,02/23/1998,27.1875,27.625,27.1875,27.625,10000
JASA,02/24/1998,27.6875,29.25,27.625,29.25,20200
JASA,02/25/1998,29.25,29.75,29.125,29.75,12600
JASA,02/26/1998,29.6875,30.125,29.625,30.125,7900
JASA,02/27/1998,30.25,30.25,30,30.25,6600
JASA,03/02/1998,30.25,30.625,30.0625,30.625,17700
JASA,03/03/1998,30.625,31,30.25,30.375,10000
JASA,03/04/1998,30.25,30.25,29.75,29.75,6900
JASA,03/05/1998,29.5,29.5,28,28,17600
JASA,03/06/1998,28,28.3125,28,28.125,3600
JASA,03/09/1998,28.125,28.25,27.9375,27.9375,5800
JASA,03/10/1998,27.8125,27.9375,27.8125,27.9375,17000
JASA,03/11/1998,27.9375,27.9375,27.375,27.75,13100
JASA,03/12/1998,27.8125,27.8125,27.75,27.8125,5600
JASA,03/13/1998,27.875,28,27.8125,28,8700
JASA,03/16/1998,27.9375,28.5,27.9375,28.5,20000
JASA,03/17/1998,28.6875,29.375,28.6875,29.25,8400
JASA,03/18/1998,29.25,29.5625,29.25,29.5625,6600
JASA,03/19/1998,29.6875,30.1875,29.6875,30.125,11400
JASA,03/20/1998,30.0625,30.1875,29.9375,30.125,11500
JASA,03/23/1998,30.3125,30.3125,30.1875,30.1875,400
JASA,03/24/1998,30.25,30.3125,30.0625,30.1875,7900
JASA,03/25/1998,30.4375,31.0625,30.375,30.9375,37200
JASA,03/26/1998,30.9375,31.0625,30.875,31.0625,20100
JASA,03/27/1998,31.875,31.875,31,31,16500
JASA,03/30/1998,31.25,31.3125,31.0625,31.125,3900
JASA,03/31/1998,31.0625,31.1875,31,31.125,3500
JASA,04/01/1998,31.125,31.1875,31.0625,31.1875,5900
JASA,04/02/1998,31.1875,31.1875,31.125,31.125,8500
JASA,04/03/1998,31,31,30.9375,30.9375,7200
JASA,04/06/1998,30.75,30.75,30.5,30.5,7500
JASA,04/07/1998,30.5,30.5,30.1875,30.375,12200
JASA,04/08/1998,30.375,30.5,30.375,30.4375,7700
JASA,04/09/1998,30.4375,30.5,30.3125,30.5,8800
JASA,04/13/1998,30.4375,30.625,30.3125,30.5,3700
JASA,04/14/1998,30.5,30.625,30.5,30.5625,2600
JASA,04/15/1998,30.5625,30.625,30.125,30.4375,20400
JASA,04/16/1998,30.375,30.375,30.1875,30.1875,5200
JASA,04/17/1998,30.125,30.25,30,30.125,5600
JASA,04/20/1998,30.1875,30.1875,30,30,3300
JASA,04/21/1998,30,30.125,30,30.0625,19500
JASA,04/22/1998,30.0625,30.0625,29.9688,30.0625,18400
JASA,04/23/1998,30.0625,30.1875,30.0625,30.125,26000
JASA,04/24/1998,30.1875,30.25,30,30,11200
JASA,04/27/1998,29.9375,29.9688,29.875,29.875,28500
JASA,04/28/1998,30,30,29.8125,29.875,19100
JASA,04/29/1998,30,30,29.375,29.375,2600
JASA,04/30/1998,29.4375,29.625,29.4375,29.4375,7800
JASA,05/01/1998,29.5,29.625,28,28.1875,33300
JASA,05/04/1998,28.3125,28.3125,28.25,28.3125,2900
JASA,05/05/1998,28.3125,28.3125,28.0625,28.0625,4000
JASA,05/06/1998,28.0625,28.0625,27.875,27.9375,12700
JASA,05/07/1998,27.9375,28.125,27.9375,28.125,10600
JASA,05/08/1998,28.125,28.1875,28.125,28.1875,300
JASA,05/11/1998,28.375,28.75,28.375,28.5,8100
JASA,05/12/1998,28.375,28.4375,28.375,28.4375,2400
JASA,05/13/1998,28.5,29.1875,28.4375,29.1875,2900
JASA,05/14/1998,29.125,29.3125,29.0625,29.0625,4200
JASA,05/15/1998,29,29.125,28.9375,29.0625,11700
JASA,05/18/1998,29.0625,29.125,29,29,3800
JASA,05/19/1998,29.25,29.3125,29.25,29.3125,600
JASA,05/20/1998,29.25,29.25,29.125,29.125,800
JASA,05/21/1998,29.125,29.25,29.0625,29.25,18700
JASA,05/22/1998,29.375,29.375,29.0625,29.125,5400
JASA,05/26/1998,29.25,29.5,29.125,29.25,3800
JASA,05/27/1998,29.375,29.5,29.3125,29.375,2200
JASA,05/28/1998,29.5,29.5,29.4375,29.4375,3300
JASA,05/29/1998,29.5,29.5625,29.4375,29.5,4700
JASA,06/01/1998,29.5,29.5,29.4375,29.5,2600
JASA,06/02/1998,29.5,29.5,29.125,29.25,3400
JASA,06/03/1998,29,29.125,28.875,28.9375,11100
JASA,06/04/1998,29,29.125,29,29.0625,12800
JASA,06/05/1998,29,29.0625,29,29.0625,2400
JASA,06/08/1998,29,29.25,29,29.1875,9500
JASA,06/09/1998,29.1875,29.1875,28.875,28.875,9700
JASA,06/10/1998,28.875,28.875,28.875,28.875,2900
JASA,06/11/1998,28.875,28.875,27.75,27.8125,11800
JASA,06/12/1998,27.5,27.5,26.9375,26.9375,28800
JASA,06/15/1998,26.6875,26.6875,26.625,26.625,6900
JASA,06/16/1998,26.75,27,26.6875,27,21400
JASA,06/17/1998,26.9375,26.9375,26.375,26.4375,2800
JASA,06/18/1998,26.375,26.375,26.25,26.25,1600
JASA,06/19/1998,26.375,26.5,26.25,26.25,17000
JASA,06/22/1998,26.5,26.8125,26.5,26.8125,4700
JASA,06/23/1998,26.75,26.9375,26.625,26.9375,15500
JASA,06/24/1998,26.9375,27.25,26.875,27.25,8400
JASA,06/25/1998,27.25,27.5625,27,27.125,12300
JASA,06/26/1998,27.125,27.1875,27,27.1875,6100
JASA,06/29/1998,27.3125,27.3125,27.3125,27.3125,1000
JASA,06/30/1998,27.4375,27.4375,27.375,27.375,7500
JASA,07/01/1998,27.25,27.5,27.25,27.5,16100
JASA,07/02/1998,28,28,27.875,27.9375,7700
JASA,07/06/1998,28,28,27.75,27.75,7200
JASA,07/07/1998,27.75,27.8125,27.75,27.8125,1100
JASA,07/08/1998,27.75,27.75,27.25,27.25,3100
JASA,07/09/1998,27.25,27.3125,27.25,27.3125,54100
JASA,07/10/1998,27.25,27.625,27.25,27.4375,19100
JASA,07/13/1998,27.5,27.5,27.375,27.5,2600
JASA,07/14/1998,27.3125,27.5,27.3125,27.5,300
JASA,07/15/1998,27.375,27.4375,27.375,27.4375,4600
JASA,07/16/1998,27.5,27.5,27.25,27.4688,14700
JASA,07/17/1998,27.5625,27.5625,27.3125,27.375,3100
JASA,07/20/1998,27.375,27.4375,27.3125,27.4375,6500
JASA,07/21/1998,27.4375,27.5,26.9375,26.9375,11300
JASA,07/22/1998,26.875,26.875,26,26,6700
JASA,07/23/1998,25.9375,25.9375,25.375,25.75,3900
JASA,07/24/1998,25.5,25.5,24.9375,25,5700
JASA,07/27/1998,25,25,24,24.25,9000
JASA,07/28/1998,24.25,24.25,23.9375,24,2800
JASA,07/29/1998,23.9375,24,23.875,23.9375,9000
JASA,07/30/1998,24,24,23.625,23.875,4800
JASA,07/31/1998,23.8125,23.8125,23.3125,23.375,10800
JASA,08/03/1998,23.375,23.75,23.375,23.5,12900
JASA,08/04/1998,23.5625,23.625,23.375,23.5,11600
JASA,08/05/1998,23.5,23.625,23.375,23.625,13800
JASA,08/06/1998,23.5625,23.875,23.5,23.875,6200
JASA,08/07/1998,23.875,24.4375,23.875,24.4375,7000
JASA,08/10/1998,24.375,24.5,24.375,24.5,2200
JASA,08/11/1998,24.375,24.375,23.75,23.875,4500
JASA,08/12/1998,23.8125,24.0625,23.8125,24.0625,13600
JASA,08/13/1998,24,24.1875,24,24.1875,10700
JASA,08/14/1998,24.1875,24.25,24.125,24.25,7600
JASA,08/17/1998,24.125,24.125,24,24.0625,1000
JASA,08/18/1998,24,24.0625,24,24.0625,2700
JASA,08/19/1998,24.1875,24.1875,24,24,1900
JASA,08/20/1998,23.9375,24.0625,23.9375,24,1300
JASA,08/21/1998,24.125,24.125,23.9375,24.0625,2200
JASA,08/24/1998,24,24.0625,23.875,23.9375,1900
JASA,08/25/1998,23.875,23.875,23.6875,23.6875,7600
JASA,08/26/1998,23.625,23.625,23.625,23.625,5000
JASA,08/27/1998,23.5625,23.5625,23.125,23.125,3400
JASA,08/28/1998,23.1875,23.1875,23,23,2600
JASA,08/31/1998,23.125,23.125,22.8125,22.9375,5600
JASA,09/01/1998,22.875,22.9375,22.875,22.875,3300
JASA,09/02/1998,22.75,23,22.75,23,5100
JASA,09/03/1998,23.0625,23.0625,23,23,3000
JASA,09/04/1998,23.25,23.3125,23.1875,23.25,12500
JASA,09/08/1998,23.1875,23.375,23.1875,23.1875,4700
JASA,09/09/1998,23,23.125,22.75,22.75,4200
JASA,09/10/1998,22.6875,22.6875,22.625,22.625,4200
JASA,09/11/1998,22.5,22.75,22.3125,22.3125,13700
JASA,09/14/1998,22.3125,22.3125,22.1875,22.3125,10900
JASA,09/15/1998,22.0625,22.0625,21.8125,21.875,3200
JASA,09/16/1998,21.75,21.8125,21.625,21.6875,2600
JASA,09/17/1998,21.625,21.625,21.3125,21.4375,8800
JASA,09/18/1998,22,22,21.5625,21.625,11600
JASA,09/21/1998,21.625,21.625,21.5625,21.625,1700
JASA,09/22/1998,21.6875,21.75,21.6875,21.75,5600
JASA,09/23/1998,21.875,22.0625,21.875,22.0625,4000
JASA,09/24/1998,22,22.125,22,22,2300
JASA,09/25/1998,22.0625,22.0625,21.875,22,7300
JASA,09/28/1998,22.25,22.375,22.1875,22.3125,8500
JASA,09/29/1998,22.375,22.375,22,22.1875,9700
JASA,09/30/1998,22.1875,22.25,22.125,22.25,4200
JASA,10/01/1998,22.25,22.25,21.9375,22.0625,5700
JASA,10/02/1998,22,22,21.9375,21.9375,6500
JASA,10/05/1998,21.75,21.75,20.5,20.5,8900
JASA,10/06/1998,20.5,20.5,19.8125,19.9375,4800
JASA,10/07/1998,19.6875,19.6875,18,18,9000
JASA,10/08/1998,18,18,17.375,17.4375,4600
JASA,10/09/1998,17.375,17.375,16.875,16.875,2100
JASA,10/12/1998,16.875,16.9375,16.8125,16.8125,4700
JASA,10/13/1998,16.8125,16.8125,15.25,15.3125,19400
JASA,10/14/1998,15.3125,15.5625,15.3125,15.5625,7800
JASA,10/15/1998,15.5,16.0625,15.5,16.0625,16200
JASA,10/16/1998,16.0625,16.3125,16.0625,16.25,2300
JASA,10/19/1998,16.3125,16.9375,16.3125,16.9375,10800
JASA,10/20/1998,16.9375,17.6875,16.9375,17.4375,12200
JASA,10/21/1998,17.3125,17.6875,17.3125,17.5625,34000
JASA,10/22/1998,17.625,17.625,17.375,17.625,9100
JASA,10/23/1998,17.625,17.6875,17.5,17.5625,24600
JASA,10/26/1998,17.5625,17.6875,17.5625,17.6875,1400
JASA,10/27/1998,17.75,17.875,17.75,17.75,7700
JASA,10/28/1998,17.875,18,17.875,18,10300
JASA,10/29/1998,17.75,17.75,17.6875,17.6875,3300
JASA,10/30/1998,17.8125,18.0625,17.8125,18,9000
JASA,11/02/1998,18.125,18.125,18.0625,18.125,2000
JASA,11/03/1998,18.125,18.1875,18,18,7200
JASA,11/04/1998,17.875,18.125,17.875,18.0625,4400
JASA,11/05/1998,18.125,19.25,18.125,19.25,11200
JASA,11/06/1998,19.25,19.375,19.25,19.375,4300
JASA,11/09/1998,19.25,19.3125,19.125,19.25,6200
JASA,11/10/1998,19.125,19.375,19.0625,19.375,8500
JASA,11/11/1998,19.25,19.25,19.0625,19.125,6700
JASA,11/12/1998,19.1875,19.1875,19.0625,19.1875,4300
JASA,11/13/1998,19.0625,19.25,18.3125,18.3125,11100
JASA,11/16/1998,18.4375,18.4375,17.6875,17.75,8600
JASA,11/17/1998,17.6875,17.6875,15.625,16,71400
JASA,11/18/1998,16.25,16.4375,16.1875,16.4375,12800
JASA,11/19/1998,16.4375,16.625,16.4375,16.625,8500
JASA,11/20/1998,16.5,16.625,16.5,16.625,7000
JASA,11/23/1998,16.625,16.875,16,16.0625,22400
JASA,11/24/1998,16,16.0625,15.875,15.9375,5400
JASA,11/25/1998,15.75,16.0625,15.625,16.0625,6400
JASA,11/27/1998,16.0625,16.125,16.0625,16.0625,3100
JASA,11/30/1998,16.0625,16.0625,15.6875,15.75,16100
JASA,12/01/1998,15.75,15.75,15.625,15.6875,16400
JASA,12/02/1998,15.75,15.875,15.5625,15.5625,11200
JASA,12/03/1998,15.5625,15.625,15.5,15.625,2300
JASA,12/04/1998,15.875,15.875,15.5,15.5,11000
JASA,12/07/1998,15.375,15.625,15.25,15.5625,33600
JASA,12/08/1998,15.6875,16.3125,15.625,15.875,9900
JASA,12/09/1998,15.875,15.875,15.375,15.5625,3200
JASA,12/10/1998,15.6875,16.0625,15.6875,16.0625,3100
JASA,12/11/1998,16,16,15.75,15.75,2700
JASA,12/14/1998,15.75,15.75,15.4375,15.4375,6700
JASA,12/15/1998,15.3125,15.3125,15,15,4500
JASA,12/16/1998,15,15.1875,14.9375,14.9375,2500
JASA,12/17/1998,15,15.1875,15,15.0625,4800
JASA,12/18/1998,15,15.5,15,15.4375,10900
JASA,12/21/1998,15.5625,15.75,15.5625,15.75,2800
JASA,12/22/1998,15.75,15.875,15.625,15.875,53900
JASA,12/23/1998,15.75,16,15.5,16,8200
JASA,12/24/1998,16.125,16.125,15.5,15.5,12000
JASA,12/28/1998,15.5,15.875,15.5,15.875,8500
JASA,12/29/1998,15.75,15.875,15.625,15.875,4600
JASA,12/30/1998,15.75,15.875,15.75,15.8125,4800
JASA,12/31/1998,15.875,16.125,15.875,16.125,10500
JASA,01/04/1999,16.25,16.375,15.9375,16.375,12200
JASA,01/05/1999,16.3125,16.375,16.3125,16.375,1100
JASA,01/06/1999,16.3125,16.8125,16.3125,16.6875,2400
JASA,01/07/1999,16.5625,16.75,16.5,16.75,7500
JASA,01/08/1999,16.75,16.75,16.0625,16.125,7200
JASA,01/11/1999,16,16,15.8125,15.875,7300
JASA,01/12/1999,15.875,15.875,15.8125,15.875,600
JASA,01/13/1999,15.75,15.75,15.5,15.5,13800
JASA,01/14/1999,15.5,15.5,15.3125,15.3125,1700
JASA,01/15/1999,15.25,15.375,15.1875,15.1875,13300
JASA,01/19/1999,15.3125,15.375,14.8438,15,27800
JASA,01/20/1999,15,15,13.5,13.75,39900
JASA,01/21/1999,13.625,13.75,13,13.25,21500
JASA,01/22/1999,13.375,13.375,13.25,13.3125,8800
JASA,01/25/1999,13.4375,14,13.4375,14,13200
JASA,01/26/1999,14,15,14,14.75,46700
JASA,01/27/1999,14.75,15,14.75,15,8300
JASA,01/28/1999,15.125,15.125,15.125,15.125,6900
JASA,01/29/1999,15.0625,15.25,15.0625,15.25,5600
JASA,02/01/1999,15.375,15.4375,15.3125,15.4375,5700
JASA,02/02/1999,15.3125,15.3125,15.25,15.3125,18800
JASA,02/03/1999,15.25,15.3125,15,15.3125,171900
JASA,02/04/1999,15.25,15.3125,15.25,15.25,55200
JASA,02/05/1999,15.25,15.25,15.25,15.25,4800
JASA,02/08/1999,15.25,15.5,15.25,15.25,257500
JASA,02/09/1999,15.25,15.375,15.25,15.25,6500
JASA,02/10/1999,15.125,15.125,14.9375,14.9375,12400
JASA,02/11/1999,15,15.0625,14.9375,15.0625,1700
JASA,02/12/1999,15,15,14.625,14.625,6900
JASA,02/16/1999,14.625,14.625,14.125,14.125,11300
JASA,02/17/1999,14.125,14.125,13.5625,13.5625,21200
JASA,02/18/1999,13.5625,13.5625,13.4375,13.5,30400
JASA,02/19/1999,13.5,13.5,13.25,13.5,109200
JASA,02/22/1999,13.375,13.875,13.375,13.875,13500
JASA,02/23/1999,13.875,13.875,13.8125,13.875,17300
JASA,02/24/1999,13.75,13.8125,13.6875,13.6875,10200
JASA,02/25/1999,13.5625,13.5625,13,13.375,17900
JASA,02/26/1999,13.375,13.4375,13.25,13.25,6000
JASA,03/01/1999,13.25,13.25,13,13.25,13800
JASA,03/02/1999,13.1875,13.375,13.125,13.375,13600
JASA,03/03/1999,13.3125,13.375,13.125,13.375,34800
JASA,03/04/1999,13.375,13.375,13.25,13.25,48900
JASA,03/05/1999,13.25,13.3125,13.25,13.25,22400
JASA,03/08/1999,13.25,13.25,13.1875,13.1875,21400
JASA,03/09/1999,13.25,13.625,13,13.625,17700
JASA,03/10/1999,13.625,13.875,13.5,13.5,33400
JASA,03/11/1999,13.5625,13.75,13.5625,13.6875,16100
JASA,03/12/1999,13.75,13.75,13.5625,13.5625,12700
JASA,03/15/1999,13.5625,13.625,13.5625,13.625,12800
JASA,03/16/1999,13.5625,13.75,13.5625,13.6875,12400
JASA,03/17/1999,13.8125,13.8125,13.625,13.6875,22500
JASA,03/18/1999,13.625,13.6875,13.625,13.625,17300
JASA,03/19/1999,13.5625,13.625,13.5625,13.5625,8700
JASA,03/22/1999,13.5625,13.5625,13.5625,13.5625,300
JASA,03/23/1999,13.625,13.625,13.375,13.375,1500
JASA,03/24/1999,13.4375,13.4375,13.25,13.3125,10500
JASA,03/25/1999,13.5625,14.4375,13.5625,14.4375,7100
JASA,03/26/1999,14.4375,14.4375,14.4375,14.4375,600
JASA,03/29/1999,14.375,14.375,14.125,14.1875,8400
JASA,03/30/1999,14.25,14.5,14.125,14.5,7700
JASA,03/31/1999,14.4688,14.625,13.75,13.75,18300
JASA,04/01/1999,13.875,13.875,13.75,13.875,3500
JASA,04/05/1999,13.875,14.125,13.875,14,4400
JASA,04/06/1999,13.875,13.875,13.875,13.875,1700
JASA,04/07/1999,13.75,13.75,13.625,13.6875,56700
JASA,04/08/1999,13.75,13.75,13.5625,13.625,4000
JASA,04/09/1999,13.75,13.9375,13.625,13.9375,13500
JASA,04/12/1999,13.875,14.25,13.75,14.0625,21000
JASA,04/13/1999,14.125,14.1875,14,14.0625,13100
JASA,04/14/1999,14,14.1875,14,14.125,15100
JASA,04/15/1999,14.125,14.3125,14.0625,14.0625,8500
JASA,04/16/1999,14.0625,14.4375,14.0625,14.375,13500
JASA,04/19/1999,14.375,15.125,14.375,15,14600
JASA,04/20/1999,15,15.5625,15,15.25,4600
JASA,04/21/1999,15.3125,15.4375,15,15.375,4800
JASA,04/22/1999,15.3125,16.5,15.3125,16.5,11700
JASA,04/23/1999,16.75,16.75,16.25,16.5,119100
JASA,04/26/1999,16.625,16.625,16.125,16.125,4200
JASA,04/27/1999,16.0625,17.125,16.0625,17.125,11200
JASA,04/28/1999,17,17.0625,16.875,16.9375,10900
JASA,04/29/1999,16.75,16.75,16.75,16.75,1600
JASA,04/30/1999,16.625,16.6875,16.125,16.125,4100
JASA,05/03/1999,16.0625,16.0625,15.375,15.6875,12400
JASA,05/04/1999,15.625,15.625,15.375,15.375,900
JASA,05/05/1999,15.5,15.5,14.875,14.875,2700
JASA,05/06/1999,14.625,14.75,14.4375,14.75,2500
JASA,05/07/1999,14.625,14.6875,14.625,14.6875,900
JASA,05/10/1999,14.9375,16,14.9375,16,11900
JASA,05/11/1999,16.1875,16.25,16.1875,16.25,1400
JASA,05/12/1999,16,16,16,16,1100
JASA,05/13/1999,16,16.125,16,16.125,2500
JASA,05/14/1999,15.875,15.875,15.8125,15.875,2000
JASA,05/17/1999,15.75,15.8125,15.6875,15.8125,1500
JASA,05/18/1999,15.8438,16,15.75,16,101800
JASA,05/19/1999,15.9375,16.0625,15.75,15.75,9300
JASA,05/20/1999,15.9375,16.125,15.9375,16.0625,2900
JASA,05/21/1999,16.0625,16.0625,16,16.0625,3100
JASA,05/24/1999,16.125,16.1875,16,16.0625,2100
JASA,05/25/1999,15.875,16.0625,15.8125,16,8900
JASA,05/26/1999,15.875,15.9375,15.875,15.9375,700
JASA,05/27/1999,16.0625,16.0625,15.75,15.75,1800
JASA,05/28/1999,15.8125,16.9375,15.8125,16.8125,9000
JASA,06/01/1999,16.7188,17.25,16.7188,17.25,2400
JASA,06/02/1999,17.125,17.125,16.9375,17,4900
JASA,06/03/1999,16.875,16.875,16.625,16.625,6900
JASA,06/04/1999,16.5,16.5,16.4375,16.5,3300
JASA,06/07/1999,16.375,16.375,16,16.125,19200
JASA,06/08/1999,16.25,16.375,16.25,16.375,1000
JASA,06/09/1999,16.5,16.5,16,16.25,12800
JASA,06/10/1999,16.125,16.25,15.6875,15.6875,9900
JASA,06/11/1999,15.625,15.625,15.375,15.375,9400
JASA,06/14/1999,15.375,15.5,15.375,15.5,2400
JASA,06/15/1999,15.4375,15.625,15,15.25,7600
JASA,06/16/1999,15.5,15.5,14.9375,15,6600
JASA,06/17/1999,15.125,15.25,15,15.25,6300
JASA,06/18/1999,15.5,15.5,15,15,17300
JASA,06/21/1999,15,15.5,14.9375,15.5,3600
JASA,06/22/1999,15.5,15.5,15.375,15.5,2600
JASA,06/23/1999,15.5,16,15.5,15.5,18800
JASA,06/24/1999,15.5,15.5625,15.3125,15.3125,2500
JASA,06/25/1999,15.2813,15.375,15,15,17500
JASA,06/28/1999,15.25,15.4375,15.25,15.4375,3700
JASA,06/29/1999,15.4375,15.5625,15.4375,15.5625,3200
JASA,06/30/1999,15.5,15.9375,15,15,51700
JASA,07/01/1999,14.875,15.125,14.75,15.125,5100
JASA,07/02/1999,15.125,15.25,15.0625,15.25,11500
JASA,07/06/1999,15.375,15.375,15.1875,15.1875,2900
JASA,07/07/1999,15.125,15.125,14.75,14.75,10100
JASA,07/08/1999,14.875,14.875,14.6875,14.875,8200
JASA,07/09/1999,15,15,15,15,2100
JASA,07/12/1999,14.9375,14.9375,14.8125,14.8125,9600
JASA,07/13/1999,14.8125,14.8125,14.625,14.8125,4000
JASA,07/14/1999,14.75,14.75,14.625,14.75,2700
JASA,07/15/1999,14.75,14.75,14.625,14.6875,2900
JASA,07/16/1999,14.625,14.625,14,14,7000
JASA,07/19/1999,13.9375,13.9375,13.5,13.5625,6900
JASA,07/20/1999,13.5,13.5,12.375,12.375,41800
JASA,07/21/1999,12.375,12.8125,12.375,12.8125,5700
JASA,07/22/1999,12.9375,13.25,12.9375,13.25,15900
JASA,07/23/1999,13.3125,14,13.3125,14,16100
JASA,07/26/1999,13.9375,14.0625,13.875,14,31100
JASA,07/27/1999,14.125,14.125,13.9375,14,3900
JASA,07/28/1999,14.125,14.125,13.9375,14,1300
JASA,07/29/1999,14,14,13.875,13.9375,2300
JASA,07/30/1999,14,14.0625,14,14.0625,4100
JASA,08/02/1999,14,14.5,14,14.5,6600
JASA,08/03/1999,14.5625,14.625,14.4375,14.4375,1400
JASA,08/04/1999,14.375,14.375,14.1875,14.25,1500
JASA,08/05/1999,14.125,14.125,14,14.125,2400
JASA,08/06/1999,13.9375,14.0625,13.9375,14.0625,900
JASA,08/09/1999,14.0625,14.0625,13.9375,14,1700
JASA,08/10/1999,13.9375,13.9375,13.5625,13.75,111000
JASA,08/11/1999,13.625,13.625,13.5,13.625,2600
JASA,08/13/1999,13.625,14,13.625,14,2600
JASA,08/16/1999,13.875,13.9375,13.875,13.9375,1200
JASA,08/17/1999,13.9375,13.9375,13.9375,13.9375,600
JASA,08/18/1999,13.8125,14,13.8125,14,2200
JASA,08/19/1999,14,14.25,14,14.1875,1700
JASA,08/20/1999,14.0625,14.125,14.0625,14.125,1000
JASA,08/23/1999,14,14.125,14,14.0625,800
JASA,08/24/1999,14,14.1875,13.9375,14.1875,1800
JASA,08/26/1999,14.0625,14.0625,14.0625,14.0625,800
JASA,08/27/1999,14.0625,14.0625,13.8125,13.875,2800
JASA,08/30/1999,13.8125,13.8125,13.75,13.75,116600
JASA,08/31/1999,13.625,13.6875,13.5625,13.6875,6200
JASA,09/01/1999,13.5625,13.6875,13.5,13.6875,700
JASA,09/02/1999,13.625,13.625,13.5,13.5,13900
JASA,09/03/1999,13.375,14.75,13.375,14.4375,21200
JASA,09/07/1999,14.5625,14.875,14.5,14.6875,3800
JASA,09/08/1999,14.6875,14.6875,13.8125,13.9375,9500
JASA,09/09/1999,14.0625,14.125,13.9375,14,15200
JASA,09/10/1999,14,14,13.875,13.875,4800
JASA,09/13/1999,14,14,13.75,13.75,10900
JASA,09/14/1999,13.75,13.8125,13.3125,13.8125,7100
JASA,09/15/1999,13.75,13.8125,13.5625,13.625,4800
JASA,09/16/1999,13.5,13.5,13.375,13.4375,2300
JASA,09/17/1999,13.375,13.4375,13.25,13.25,13700
JASA,09/20/1999,13.125,13.5,13.125,13.4375,5200
JASA,09/21/1999,13.5625,13.5625,12.75,12.75,112200
JASA,09/22/1999,12.75,12.8125,12.6875,12.8125,3500
JASA,09/23/1999,12.6875,12.75,12.6875,12.75,4700
JASA,09/24/1999,12.75,12.75,12.4375,12.5,18800
JASA,09/27/1999,12.5,12.875,12.375,12.5,16300
JASA,09/28/1999,12.5,12.5625,12.3125,12.5,8200
JASA,09/29/1999,12.5,12.5625,12.4375,12.5,10800
JASA,09/30/1999,12.5,12.5,12.4375,12.4375,3200
JASA,10/01/1999,12.5625,13.125,12.5,13,62900
JASA,10/04/1999,13,13,12.75,12.875,3300
JASA,10/05/1999,12.9375,14,12.8125,14,31600
JASA,10/06/1999,13.9375,13.9375,13.75,13.875,4000
JASA,10/07/1999,13.8125,14,13.75,14,2200
JASA,10/08/1999,14,14.5,14,14.5,4600
JASA,10/11/1999,14.625,14.625,14.5,14.5,1500
JASA,10/12/1999,14.5625,14.5625,14.5625,14.5625,1300
JASA,10/13/1999,14.625,14.75,14.3125,14.3125,4900
JASA,10/14/1999,14.375,14.5,14.375,14.375,4500
JASA,10/15/1999,14.5,14.5,14.3125,14.4375,2600
JASA,10/18/1999,14.4375,14.4375,14,14.375,5000
JASA,10/19/1999,14.375,14.4375,14.125,14.125,7500
JASA,10/20/1999,14.125,14.1875,14,14.125,4000
JASA,10/21/1999,14,14.25,14,14.25,1000
JASA,10/22/1999,14.125,14.3125,14.125,14.25,3000
JASA,10/25/1999,14.1875,14.1875,13.875,14,14100
JASA,10/26/1999,13.9063,13.9375,13.9063,13.9375,400
JASA,10/27/1999,14.0625,14.0625,13.875,13.9375,65100
JASA,10/28/1999,14,14.25,14,14.25,7700
JASA,10/29/1999,14.25,14.25,13.9375,13.9375,5200
JASA,11/01/1999,14,14.0625,13.875,14,17400
JASA,11/02/1999,14,14,13.75,13.9375,900
JASA,11/03/1999,13.9375,14.0625,13.9375,14.0625,5100
JASA,11/04/1999,14.1875,14.25,14.125,14.25,2600
JASA,11/05/1999,14.3125,14.3125,14,14.125,2200
JASA,11/08/1999,14,14,13.875,13.875,900
JASA,11/09/1999,13.8125,14.125,13.8125,14.125,2400
JASA,11/10/1999,14.125,14.1875,14.125,14.1875,2000
JASA,11/11/1999,14.0625,14.125,13.875,14,1700
JASA,11/12/1999,13.875,14,13.8125,13.875,3200
JASA,11/15/1999,13.9375,13.9375,13.5,13.875,8400
JASA,11/16/1999,13.75,13.875,13.625,13.8125,6000
JASA,11/17/1999,13.75,13.875,13.75,13.875,4900
JASA,11/18/1999,13.875,14.25,13.8438,14.25,23900
JASA,11/19/1999,14.25,14.25,13.625,13.6875,25200
JASA,11/22/1999,13.5625,13.5625,13.5,13.5,700
JASA,11/23/1999,13.5625,13.6875,13.375,13.5,5500
JASA,11/24/1999,13.5,13.625,13.25,13.4375,7000
JASA,11/26/1999,13.3125,13.375,13.3125,13.375,1400
JASA,11/29/1999,13.25,13.375,13.125,13.1875,8700
JASA,11/30/1999,13.0625,13.0625,13,13.0625,2800
JASA,12/01/1999,13,13,12.625,12.875,4800
JASA,12/02/1999,12.75,13,12.75,13,2700
JASA,12/03/1999,12.75,12.75,12.375,12.4375,5300
JASA,12/06/1999,12.4375,12.5,12.25,12.3125,6600
JASA,12/07/1999,12.3125,12.3125,11,11,14900
JASA,12/08/1999,11,11.25,11,11,7300
JASA,12/09/1999,10.875,10.875,9.375,9.5625,48200
JASA,12/10/1999,9.6875,10.625,9.5,10.5,64800
JASA,12/13/1999,10.5,10.75,10.4375,10.75,7700
JASA,12/14/1999,10.75,10.8125,10.625,10.75,1400
JASA,12/15/1999,10.75,11,10.75,10.9375,4500
JASA,12/16/1999,10.875,10.9375,10.875,10.875,3100
JASA,12/17/1999,10.8125,10.8125,10.375,10.375,18200
JASA,12/20/1999,10.375,10.375,9.9375,10,40400
JASA,12/21/1999,9.8125,10.1875,9.8125,10.0625,14100
JASA,12/22/1999,10.0625,10.125,10,10.125,6400
JASA,12/23/1999,10.1875,10.1875,10.0625,10.0625,6700
JASA,12/27/1999,10.1875,10.4375,10.125,10.25,10100
JASA,12/28/1999,10.25,10.5,10.25,10.4375,4500
JASA,12/29/1999,10.4375,10.8125,10.4375,10.75,2900
JASA,12/30/1999,10.875,11.1875,10.875,11,12800
JASA,12/31/1999,11,11.25,11,11.25,2600
JASA,01/03/2000,11.375,11.375,11.125,11.3125,3100
JASA,01/04/2000,11.25,11.4375,11.1875,11.3125,4500
JASA,01/05/2000,11.25,11.5,11.25,11.4375,3300
JASA,01/06/2000,11.4375,11.4375,11.375,11.375,4500
JASA,01/07/2000,11.375,11.5625,11.375,11.5625,800
JASA,01/10/2000,11.6875,11.6875,11.5,11.5625,3100
JASA,01/11/2000,11.5625,11.5625,11.3125,11.375,10300
JASA,01/12/2000,11.25,11.375,11.25,11.3125,5000
JASA,01/13/2000,11.3125,11.3125,10.875,10.875,31700
JASA,01/14/2000,10.8125,11,10.8125,10.9375,7700
JASA,01/18/2000,10.9375,11.1875,10.9375,11.125,2900
JASA,01/19/2000,11.125,11.25,11.125,11.25,2500
JASA,01/20/2000,11.1875,11.25,11.0625,11.125,4000
JASA,01/21/2000,11.0625,11.0625,11.0625,11.0625,3600
JASA,01/24/2000,11.0625,11.0625,10.9375,11,5500
JASA,01/25/2000,10.9375,10.9375,10.75,10.75,5100
JASA,01/26/2000,10.8125,10.9375,10.8125,10.8125,3300
JASA,01/27/2000,10.8125,10.8125,10.6875,10.6875,3200
JASA,01/28/2000,10.6875,10.8125,10.6875,10.8125,3900
JASA,01/31/2000,10.8125,10.8125,10.3125,10.3125,18000
JASA,02/01/2000,10.3125,10.3125,10,10,5700
JASA,02/02/2000,10.125,10.125,9.375,9.4375,20200
JASA,02/03/2000,9.5,9.5,9.1875,9.1875,55900
JASA,02/04/2000,9.1875,9.25,9.1875,9.1875,36900
JASA,02/07/2000,9.1875,9.1875,9,9.125,60100
JASA,02/08/2000,9.125,9.375,9.125,9.3125,8000
JASA,02/09/2000,9.3125,9.5,9.3125,9.4375,5800
JASA,02/10/2000,9.4375,9.4375,8.875,8.9375,18700
JASA,02/11/2000,9,9,8.75,8.75,10100
JASA,02/14/2000,8.75,9.125,8.75,8.9375,3300
JASA,02/15/2000,8.9375,9.375,8.9375,9.25,4700
JASA,02/16/2000,9.25,9.375,9.25,9.375,4900
JASA,02/17/2000,9.375,9.4375,9.3125,9.3125,3300
JASA,02/18/2000,9.4375,9.4375,9,9,7300
JASA,02/22/2000,9.125,9.125,8.9375,8.9375,8500
JASA,02/23/2000,9,9,8.875,8.9375,6000
JASA,02/24/2000,8.9375,8.9375,8.75,8.875,5500
JASA,02/25/2000,8.875,8.875,8.75,8.875,4900
JASA,02/28/2000,8.875,8.9375,8.875,8.875,27600
JASA,02/29/2000,8.875,9.1875,8.875,9,5800
JASA,03/01/2000,9.125,9.625,9,9.625,7400
JASA,03/02/2000,9.5625,9.75,9.5,9.6875,5100
JASA,03/03/2000,9.6875,9.6875,9,9,10400
JASA,03/06/2000,9.125,9.125,8.9375,8.9375,4700
JASA,03/07/2000,8.9375,8.9375,8.75,8.8125,9000
JASA,03/08/2000,8.75,8.75,8.625,8.625,10200
JASA,03/09/2000,8.625,8.875,8.625,8.875,13700
JASA,03/10/2000,8.8125,8.875,8.8125,8.8125,4500
JASA,03/13/2000,8.6875,8.6875,8.25,8.3125,15600
JASA,03/14/2000,8.375,8.375,8.125,8.125,10300
JASA,03/15/2000,8.125,8.3125,8.0625,8.0625,12700
JASA,03/16/2000,8.0625,8.125,8.0625,8.0625,5200
JASA,03/17/2000,8.0625,8.625,8.0625,8.4375,10000
JASA,03/20/2000,8.5625,8.5625,8.4375,8.5,2700
JASA,03/21/2000,8.625,9.0625,8.5625,9.0625,9800
JASA,03/22/2000,9.125,9.25,9.125,9.1875,7500
JASA,03/23/2000,9.3125,9.5,9.25,9.3125,9100
JASA,03/24/2000,9.4375,9.5,9.4375,9.4375,6100
JASA,03/27/2000,9.4375,9.4375,9.4375,9.4375,5500
JASA,03/28/2000,9.4375,9.5,9.375,9.375,9600
JASA,03/29/2000,9.375,9.375,9.1875,9.25,9500
JASA,03/30/2000,9.3125,9.3125,9.1875,9.25,4000
JASA,03/31/2000,9.25,9.25,8,8.375,40100
JASA,04/03/2000,8.375,8.5,8.3125,8.5,21400
JASA,04/04/2000,8.75,8.75,8.4375,8.5625,8300
JASA,04/05/2000,8.6875,8.75,8.6563,8.75,5900
JASA,04/06/2000,8.75,8.75,8.625,8.625,4500
JASA,04/07/2000,8.625,8.6875,8.5625,8.6875,11900
JASA,04/10/2000,8.625,8.75,8.5,8.5625,11400
JASA,04/11/2000,8.5625,8.5625,8.4375,8.5,9000
JASA,04/12/2000,8.4375,8.6875,8.4375,8.625,7200
JASA,04/13/2000,8.625,8.6875,8.625,8.625,25500
JASA,04/14/2000,8.625,8.75,8.4375,8.6875,13500
JASA,04/17/2000,8.625,8.75,8.625,8.75,4700
JASA,04/18/2000,8.6875,8.8125,8.6875,8.75,2800
JASA,04/19/2000,8.75,8.75,8.75,8.75,200
JASA,04/20/2000,8.75,8.8125,8.75,8.75,6600
JASA,04/24/2000,8.75,8.9375,8.75,8.875,4300
JASA,04/25/2000,9,9.125,8.9375,9.125,2600
JASA,04/26/2000,9.125,9.25,9,9.125,5800
JASA,04/27/2000,9.3125,9.375,9.25,9.375,1500
JASA,04/28/2000,9.375,9.375,9.3125,9.3125,12500
JASA,05/01/2000,9.3125,9.4375,9.25,9.3125,10200
JASA,05/02/2000,9.3125,9.3125,9.25,9.25,4600
JASA,05/03/2000,9.3125,9.3125,9.1875,9.25,6000
JASA,05/04/2000,9.25,9.3125,9.125,9.25,4200
JASA,05/05/2000,9.3125,9.3125,9.1875,9.25,6900
JASA,05/08/2000,9.25,9.3125,9.125,9.3125,8100
JASA,05/09/2000,9.25,9.3125,9.125,9.25,10400
JASA,05/10/2000,9.125,9.375,9.125,9.25,11800
JASA,05/11/2000,9.25,9.25,8.9375,9.0625,4800
JASA,05/12/2000,9,9,8.9375,9,13200
JASA,05/15/2000,9,9,9,9,3900
JASA,05/16/2000,9,9,8.9688,9,34600
JASA,05/17/2000,9,9,9,9,18900
JASA,05/18/2000,9,9,8.875,9,19100
JASA,05/19/2000,9,9,9,9,6300
JASA,05/22/2000,9,9,8.9375,8.9375,1300
JASA,05/23/2000,9,9,9,9,31100
JASA,05/24/2000,9,9.0625,9,9.0625,79400
JASA,05/25/2000,9,9.125,9,9.125,4500
JASA,05/26/2000,9.125,9.3125,9.0625,9.3125,6800
JASA,05/30/2000,9.2813,9.375,9.2813,9.3125,6000
JASA,05/31/2000,9.4375,9.6875,9.4375,9.5,5900
JASA,06/01/2000,9.4375,9.5,9.3125,9.3125,7600
JASA,06/02/2000,9.375,9.375,9.3125,9.3125,10300
JASA,06/05/2000,9.1875,9.25,9.1875,9.1875,13000
JASA,06/06/2000,9.1875,9.1875,9.125,9.125,5700
JASA,06/07/2000,9,9,8.875,8.875,13700
JASA,06/08/2000,8.8125,8.8125,8.75,8.75,7600
JASA,06/09/2000,8.75,8.8125,8.75,8.8125,1000
JASA,06/12/2000,8.8125,8.8125,8.6875,8.75,14100
JASA,06/13/2000,8.75,8.8125,8.75,8.8125,3100
JASA,06/14/2000,8.75,8.875,8.75,8.875,6800
JASA,06/15/2000,8.875,8.9375,8.8125,8.8125,58100
JASA,06/16/2000,8.8125,8.875,8.6875,8.6875,30000
JASA,06/19/2000,8.6875,8.6875,8.625,8.6875,21800
JASA,06/20/2000,8.75,8.75,8.4375,8.4375,8900
JASA,06/21/2000,8.4375,8.4375,8.3125,8.3125,12500
JASA,06/22/2000,8.3125,8.3125,8.25,8.25,2900
JASA,06/23/2000,8.125,8.125,8,8,12100
JASA,06/26/2000,8,8,7.3125,7.375,42800
JASA,06/27/2000,7.4375,7.4375,6.9375,6.9375,59100
JASA,06/28/2000,6.9375,7.1875,6.875,7.1875,64000
JASA,06/29/2000,7.1875,7.25,7.125,7.25,59700
JASA,06/30/2000,7.25,7.25,7,7,247900
JASA,07/03/2000,7.0625,7.125,7.0625,7.125,2800
JASA,07/05/2000,7.0625,7.25,7.0625,7.25,7300
JASA,07/06/2000,7.1875,7.25,7.0625,7.1875,19800
JASA,07/07/2000,7.1875,7.25,7.0625,7.125,7700
JASA,07/10/2000,7.125,7.25,7.125,7.125,136100
JASA,07/11/2000,7.125,7.25,7.125,7.25,19900
JASA,07/12/2000,7.25,7.375,7.25,7.375,16400
JASA,07/13/2000,7.5,7.625,7.4375,7.625,16500
JASA,07/14/2000,7.75,7.875,7.75,7.75,6900
JASA,07/17/2000,7.75,7.75,7.5625,7.5625,4400
JASA,07/18/2000,7.5625,7.5625,7.4375,7.4375,7400
JASA,07/19/2000,7.5,7.5,7.4375,7.4375,10600
JASA,07/20/2000,7.4375,7.5,7.375,7.5,9400
JASA,07/21/2000,7.4375,7.4375,7.375,7.4375,2300
JASA,07/24/2000,7.4375,7.625,7.4375,7.625,5500
JASA,07/25/2000,7.5625,7.5625,7.375,7.4375,900
JASA,07/26/2000,7.375,7.375,7.375,7.375,9000
JASA,07/27/2000,7.25,7.25,7.0625,7.0625,6700
JASA,07/28/2000,7.0625,7.0625,7.0625,7.0625,7500
JASA,07/31/2000,7.0938,7.25,7.0938,7.25,8600
JASA,08/01/2000,7.3125,7.4375,7.3125,7.4375,12400
JASA,08/02/2000,7.375,7.375,7.3125,7.375,1400
JASA,08/03/2000,7.375,7.4375,7.3125,7.375,6200
JASA,08/04/2000,7.25,7.25,7,7.1875,9100
JASA,08/07/2000,7.125,7.25,7,7.25,12300
JASA,08/08/2000,7.1875,7.1875,7.0625,7.0625,15500
JASA,08/09/2000,7.0625,7.0625,6.9375,7.0625,8300
JASA,08/10/2000,7,7.125,7,7.0625,3800
JASA,08/11/2000,7.0625,7.0625,6.8125,6.9375,25900
JASA,08/14/2000,7.0625,7.125,7.0625,7.125,2400
JASA,08/15/2000,7.0625,7.125,7.0625,7.0625,11900
JASA,08/16/2000,7.0625,7.1875,7,7.1875,7300
JASA,08/17/2000,7.125,7.125,7.0625,7.125,300
JASA,08/18/2000,7.125,7.125,7,7.0625,9200
JASA,08/21/2000,7,7,6.9375,6.9375,2000
JASA,08/22/2000,6.875,6.9375,6.875,6.9375,1000
JASA,08/23/2000,6.9375,7,6.9375,6.9375,1900
JASA,08/24/2000,6.9375,7,6.9375,6.9375,4800
JASA,08/25/2000,6.9375,6.9375,6.8125,6.8125,7200
JASA,08/28/2000,6.8125,6.8125,6.75,6.75,68300
JASA,08/29/2000,6.75,6.75,6.6875,6.75,9500
JASA,08/30/2000,6.6875,6.6875,6.625,6.625,23200
JASA,08/31/2000,6.5625,6.5625,6.5625,6.5625,5200
JASA,09/01/2000,6.5625,6.6875,6.5625,6.6875,7000
JASA,09/05/2000,6.6875,6.75,6.625,6.75,3600
JASA,09/06/2000,6.75,6.8125,6.625,6.625,3700
JASA,09/07/2000,6.625,6.875,6.625,6.875,1400
JASA,09/08/2000,6.9375,6.9375,6.5,6.5625,9900
JASA,09/11/2000,6.625,6.625,6.5625,6.5625,16900
JASA,09/12/2000,6.625,6.625,6.5625,6.5625,10600
JASA,09/13/2000,6.5,6.5625,6.4375,6.5625,20000
JASA,09/14/2000,6.5625,6.5625,6.5,6.5,10800
JASA,09/15/2000,6.3125,6.5,6.25,6.25,15500
JASA,09/18/2000,6.25,6.5625,6.25,6.25,7500
JASA,09/19/2000,6.3125,6.3125,6.1875,6.1875,7200
JASA,09/20/2000,6.25,6.25,6,6.1875,21000
JASA,09/21/2000,6.125,6.25,6.125,6.25,10500
JASA,09/22/2000,6.25,6.25,6.1875,6.1875,10900
JASA,09/25/2000,6.1875,6.3125,6.1875,6.25,11700
JASA,09/26/2000,6.25,6.375,6.125,6.375,11700
JASA,09/27/2000,6.4375,6.5,6.4375,6.4375,17800
JASA,09/28/2000,6.5625,6.75,6.5625,6.75,5800
JASA,09/29/2000,6.875,7.25,6.875,7.25,75000
JASA,10/02/2000,7.375,7.4375,7.3125,7.4375,18700
JASA,10/03/2000,7.4375,7.5,7.375,7.5,4300
JASA,10/04/2000,7.5,7.5,7.375,7.4375,7500
JASA,10/05/2000,7.4375,7.4375,7.375,7.375,8000
JASA,10/06/2000,7.375,7.375,7.375,7.375,3500
JASA,10/09/2000,7.375,7.375,7.375,7.375,12400
JASA,10/10/2000,7.375,7.375,7.1875,7.375,6400
JASA,10/11/2000,7.375,7.375,7.1875,7.3125,3900
JASA,10/12/2000,7.3125,7.3125,7.3125,7.3125,4400
JASA,10/13/2000,7.3125,7.3125,7.0625,7.0625,10100
JASA,10/16/2000,7.0625,7.0625,7.0625,7.0625,3500
JASA,10/17/2000,7.0625,7.0625,7,7.0625,6000
JASA,10/18/2000,7.0625,7.0625,7,7,26800
JASA,10/19/2000,7,7,6.9375,6.9375,4000
JASA,10/20/2000,6.875,6.875,6.625,6.875,2600
JASA,10/23/2000,6.75,6.875,6.75,6.875,1300
JASA,10/24/2000,6.8125,6.8125,6.75,6.75,2200
JASA,10/25/2000,6.75,6.75,6.5,6.5625,5300
JASA,10/26/2000,6.5,6.5,6.5,6.5,1500
JASA,10/27/2000,6.5,6.5,6.3125,6.5,1000
JASA,10/30/2000,6.4375,6.4375,6.25,6.4375,5200
JASA,10/31/2000,6.5625,6.5625,6.4375,6.5,9600
JASA,11/01/2000,6.5,6.5,6.5,6.5,13000
JASA,11/02/2000,6.4375,6.4375,6.4375,6.4375,4400
JASA,11/03/2000,6.5,6.5,6.4375,6.4375,7500
JASA,11/06/2000,6.4375,6.4375,6.4375,6.4375,9500
JASA,11/07/2000,6.4375,6.4375,6.25,6.4375,1000
JASA,11/08/2000,6.4375,6.4375,6.4375,6.4375,500
JASA,11/09/2000,6.4375,6.4375,6.25,6.4375,2400
JASA,11/10/2000,6.4375,6.4375,6.3125,6.4375,10200
JASA,11/13/2000,6.5,6.5,6.3125,6.4375,14500
JASA,11/14/2000,6.5,6.5,6.4375,6.4375,7900
JASA,11/15/2000,6.4375,6.4375,6.4375,6.4375,2300
JASA,11/16/2000,6.4375,6.5,6.3125,6.5,4600
JASA,11/17/2000,6.5,6.5,6.5,6.5,2300
JASA,11/20/2000,6.5,6.5625,6.5,6.5625,1400
JASA,11/21/2000,6.5625,6.625,6.5625,6.625,1400
JASA,11/22/2000,6.6875,6.875,6.6875,6.875,89900
JASA,11/24/2000,6.875,6.875,6.8125,6.875,2300
JASA,11/27/2000,6.875,6.875,6.75,6.875,2900
JASA,11/28/2000,6.875,7,6.875,7,12400
JASA,11/29/2000,7,7.125,6.9375,7.125,5300
JASA,11/30/2000,7.0625,7.0625,6.9375,7,14100
JASA,12/01/2000,7,7.125,7,7.125,3100
JASA,12/04/2000,7.125,7.25,7.125,7.1875,6100
JASA,12/05/2000,7.1875,7.25,7.1875,7.1875,3800
JASA,12/06/2000,7.1875,7.1875,7.1875,7.1875,1600
JASA,12/07/2000,7.1875,7.1875,7.0625,7.125,2800
JASA,12/08/2000,7.125,7.125,7,7.125,1000
JASA,12/11/2000,7.125,7.125,6.875,7.125,25000
JASA,12/12/2000,7.125,7.125,6.9375,7.0625,8200
JASA,12/13/2000,7,7.0625,7,7.0625,14400
JASA,12/14/2000,7.0625,7.125,6.75,6.9375,53900
JASA,12/15/2000,6.9375,6.9375,6.8125,6.9375,14600
JASA,12/18/2000,7,7,6.875,6.9375,6400
JASA,12/19/2000,6.9375,7,6.9375,6.9375,900
JASA,12/20/2000,6.875,7.0625,6.875,7,9400
JASA,12/21/2000,7,7,6.75,6.8125,9900
JASA,12/22/2000,6.9375,6.9375,6.8125,6.8125,16000
JASA,12/26/2000,6.9375,6.9375,6.75,6.75,15400
JASA,12/27/2000,6.75,6.8125,6.625,6.625,7100
JASA,12/28/2000,6.625,6.6875,6.5,6.5625,6900
JASA,12/29/2000,6.5625,6.625,6.5,6.5625,7500
JASA,01/02/2001,6.6875,6.6875,6.625,6.625,700
JASA,01/03/2001,6.625,6.625,6.625,6.625,1800
JASA,01/04/2001,6.6875,6.6875,6.4375,6.4375,6800
JASA,01/05/2001,6.5,6.5,6,6.3125,24200
JASA,01/08/2001,6.4375,6.4375,6,6.0625,27000
JASA,01/09/2001,6.125,6.125,6,6.0625,6900
JASA,01/10/2001,6,6,5.75,5.875,8400
JASA,01/11/2001,5.75,6,5.75,5.8125,2900
JASA,01/12/2001,5.875,6,5.875,6,29100
JASA,01/16/2001,5.875,6,5.875,5.875,5200
JASA,01/17/2001,6,6.125,6,6.125,21900
JASA,01/18/2001,6.1875,6.25,6.1875,6.25,2400
JASA,01/19/2001,6.25,6.25,6,6,23600
JASA,01/22/2001,6,6,5.875,5.875,25500
JASA,01/23/2001,5.9375,5.9375,5.9375,5.9375,3400
JASA,01/24/2001,5.875,5.9375,5.875,5.875,6100
JASA,01/25/2001,5.75,5.8125,5.75,5.75,11200
JASA,01/26/2001,5.8125,5.8125,5.625,5.625,1700
JASA,01/29/2001,5.75,5.76,5.75,5.76,9900
JASA,01/30/2001,5.75,5.75,5.5,5.5,6100
JASA,01/31/2001,5.6,5.66,5.59,5.6,2200
JASA,02/01/2001,5.7,5.74,5.64,5.74,22700
JASA,02/02/2001,5.74,5.74,5.65,5.74,12500
JASA,02/05/2001,5.6,5.6,5.48,5.55,35100
JASA,02/06/2001,5.6,5.6,5.5,5.54,11600
JASA,02/07/2001,5.54,5.55,5.54,5.54,19500
JASA,02/08/2001,5.54,5.6,5.54,5.6,9900
JASA,02/09/2001,5.5,5.5,5.3,5.3,28500
JASA,02/12/2001,5.4,5.44,5.3,5.4,10600
JASA,02/13/2001,5.4,5.55,5.3,5.3,18000
JASA,02/14/2001,5.4,5.5,5.37,5.5,11500
JASA,02/15/2001,5.55,5.55,5.51,5.54,7300
JASA,02/16/2001,5.54,5.55,5.54,5.55,4600
JASA,02/20/2001,5.56,5.59,5.55,5.56,21800
JASA,02/21/2001,5.56,5.56,5.5,5.55,10900
JASA,02/22/2001,5.56,5.56,5.56,5.56,1400
JASA,02/23/2001,5.52,5.6,5.52,5.6,51800
JASA,02/26/2001,5.5,5.7,5.5,5.6,8100
JASA,02/27/2001,5.5,5.5,5.25,5.25,8300
JASA,02/28/2001,5.25,5.25,5.16,5.25,13800
JASA,03/01/2001,5.4,5.4,5.35,5.4,2700
JASA,03/02/2001,5.5,5.5,5.5,5.5,1000
JASA,03/05/2001,5.5,5.5,5.3,5.4,7000
JASA,03/06/2001,5.35,5.45,5.3,5.35,5700
JASA,03/07/2001,5.45,5.5,5.45,5.5,6600
JASA,03/08/2001,5.41,5.45,5.3,5.3,3900
JASA,03/09/2001,5.3,5.4,5.3,5.4,900
JASA,03/12/2001,5.5,5.5,5.42,5.42,1100
JASA,03/13/2001,5.5,5.5,5.15,5.15,30700
JASA,03/14/2001,5,5,4.25,4.3,23500
JASA,03/15/2001,4.4,4.4,3.94,4,57100
JASA,03/16/2001,4,4.04,3.9,3.9,42700
JASA,03/19/2001,3.9,3.99,3.9,3.99,52000
JASA,03/20/2001,3.99,4.4,3.99,4.4,71700
JASA,03/21/2001,4.4,4.4,4.32,4.4,1900
JASA,03/22/2001,4.25,4.43,4.25,4.43,2700
JASA,03/23/2001,4.43,4.48,4.25,4.35,3100
JASA,03/26/2001,4.45,4.55,4.44,4.55,1600
JASA,03/27/2001,4.55,4.55,4,4.48,165100
JASA,03/28/2001,4.6,4.6,4.35,4.35,10800
JASA,03/29/2001,4.35,4.35,4.35,4.35,35900
JASA,03/30/2001,4.35,4.4,4.35,4.4,19200
JASA,04/02/2001,4.41,4.41,4.05,4.05,37000
JASA,04/03/2001,4,4.25,4,4.15,13800
JASA,04/04/2001,4.1,4.1,3.9,4,10900
JASA,04/05/2001,3.95,4.01,3.86,4.01,19700
JASA,04/06/2001,4.11,4.14,3.1,4.05,549200
JASA,04/09/2001,3.85,3.95,3.85,3.95,11900
JASA,04/10/2001,3.95,4,3.95,4,1800
JASA,04/11/2001,4,4,4,4,500
JASA,04/12/2001,4.1,4.1,4.07,4.07,82000
JASA,04/16/2001,4.12,4.12,4.04,4.04,29200
JASA,04/17/2001,4.14,4.14,4.09,4.09,5300
JASA,04/18/2001,4.09,4.09,3.93,4,27800
JASA,04/19/2001,4.05,4.15,4,4.14,3500
JASA,04/20/2001,4.15,4.15,4,4.15,7900
JASA,04/23/2001,4.14,4.14,4,4.04,2800
JASA,04/24/2001,4,4.05,3.91,4,8800
JASA,04/25/2001,3.95,4,3.95,4,1700
JASA,04/26/2001,3.95,4.09,3.95,4.09,1600
JASA,04/27/2001,4.1,4.15,4.05,4.15,4600
JASA,04/30/2001,4.2,4.2,4.15,4.2,19000
JASA,05/01/2001,4.19,4.19,4.19,4.19,1700
JASA,05/02/2001,4.2,4.3,4.19,4.29,8900
JASA,05/03/2001,4.35,4.4,4.2,4.4,5400
JASA,05/04/2001,4.5,4.5,4.45,4.45,1900
JASA,05/07/2001,4.55,4.55,4.15,4.2,21900
JASA,05/08/2001,4.2,4.35,4.2,4.35,2400
JASA,05/09/2001,4.45,4.45,4.25,4.3,3200
JASA,05/10/2001,4.28,4.32,4.28,4.3,1300
JASA,05/11/2001,4.4,4.4,4.25,4.29,6400
JASA,05/14/2001,4.29,4.39,4.29,4.38,1900
JASA,05/15/2001,4.39,4.39,4.39,4.39,200
JASA,05/16/2001,4.38,4.39,4.3,4.35,700
JASA,05/18/2001,4.35,4.4,4.25,4.3,2200
JASA,05/21/2001,4.2,4.35,4.2,4.33,15700
JASA,05/22/2001,4.35,4.4,4.34,4.35,21300
JASA,05/23/2001,4.35,4.45,4.11,4.35,41000
JASA,05/24/2001,4.35,4.45,4.3,4.4,17600
JASA,05/25/2001,4.45,4.45,4.41,4.45,2700
JASA,05/29/2001,4.55,4.55,4.5,4.5,5500
JASA,05/30/2001,4.54,4.54,4.54,4.54,1000
JASA,05/31/2001,4.55,4.55,4.4,4.4,12100
JASA,06/01/2001,4.41,4.45,4.35,4.39,11000
JASA,06/04/2001,4.39,4.39,4.3,4.35,1400
JASA,06/05/2001,4.4,4.4,4.4,4.4,200
JASA,06/06/2001,4.5,4.5,4.35,4.5,22100
JASA,06/07/2001,4.48,4.48,4.45,4.48,3000
JASA,06/08/2001,4.4,4.4,4.4,4.4,2100
JASA,06/11/2001,4.25,4.36,4.25,4.33,7800
JASA,06/12/2001,4.34,4.34,4.31,4.32,3000
JASA,06/13/2001,4.25,4.26,4.18,4.24,6400
JASA,06/14/2001,4.21,4.21,4.2,4.2,4400
JASA,06/15/2001,4.1,4.2,4.1,4.2,10800
JASA,06/18/2001,4.19,4.19,4.19,4.19,400
JASA,06/19/2001,4.2,4.2,4.2,4.2,2000
JASA,06/20/2001,4.2,4.2,4,4,11400
JASA,06/21/2001,4.01,4.05,4,4.05,14500
JASA,06/22/2001,4.05,4.05,3.91,3.98,8600
JASA,06/25/2001,3.95,4.2,3.7,4.15,83200
JASA,06/26/2001,4.16,4.21,4.15,4.2,20300
JASA,06/27/2001,4.15,4.15,4.1,4.15,5100
JASA,06/28/2001,4.2,4.26,4.1,4.25,5700
JASA,06/29/2001,4.1,4.1,4.05,4.05,3700
JASA,07/03/2001,4.05,4.05,4.05,4.05,100
JASA,07/05/2001,4,4,3.85,3.95,5700
JASA,07/06/2001,3.95,4.05,3.95,4.05,3700
JASA,07/09/2001,4.1,4.1,4,4.05,4000
JASA,07/10/2001,4.15,4.2,4.13,4.2,12900
JASA,07/11/2001,4.19,4.3,4.19,4.3,2800
JASA,07/12/2001,4.3,4.35,4.2,4.3,16900
JASA,07/13/2001,4.4,4.6,4.3,4.5,129200
JASA,07/16/2001,4.6,4.85,4.6,4.8,43800
JASA,07/17/2001,4.81,4.81,4.7,4.75,2300
JASA,07/18/2001,4.75,5,4.75,4.95,30700
JASA,07/19/2001,4.96,4.96,4.55,4.6,45400
JASA,07/20/2001,4.64,4.64,4.5,4.51,9100
JASA,07/24/2001,4.45,4.5,4.45,4.45,11700
JASA,07/25/2001,4.45,4.49,4.45,4.49,6000
JASA,07/27/2001,4.49,4.49,4.49,4.49,14100
JASA,07/30/2001,4.55,4.55,4.36,4.45,5100
JASA,07/31/2001,4.5,4.5,4.45,4.45,800
JASA,08/01/2001,4.45,4.45,4.45,4.45,100
JASA,08/02/2001,4.55,4.55,4.5,4.51,2400
JASA,08/03/2001,4.5,4.51,4.45,4.5,7000
JASA,08/06/2001,4.5,4.5,4.45,4.45,17900
JASA,08/07/2001,4.4,4.6,4.34,4.6,7400
JASA,08/08/2001,4.6,5,4.6,4.8,17500
JASA,08/09/2001,4.81,4.85,4.8,4.85,5600
JASA,08/10/2001,4.84,4.84,4.65,4.7,21700
JASA,08/13/2001,4.68,4.68,4.55,4.59,20300
JASA,08/14/2001,4.59,4.59,4.59,4.59,10100
JASA,08/15/2001,4.59,4.59,4.58,4.59,14700
JASA,08/16/2001,4.5,4.65,4.5,4.65,10800
JASA,08/17/2001,4.65,4.65,4.6,4.63,6200
JASA,08/20/2001,4.74,4.74,4.6,4.65,1600
JASA,08/21/2001,4.6,4.6,4.1,4.25,50500
JASA,08/22/2001,4.2,4.35,4.2,4.35,4300
JASA,08/23/2001,4.4,4.4,4.4,4.4,3700
JASA,08/24/2001,4.35,4.4,4.35,4.4,1000
JASA,08/27/2001,4.4,4.54,4.4,4.5,3000
JASA,08/28/2001,4.45,4.55,4.45,4.55,5900
JASA,08/29/2001,4.55,4.7,4.55,4.7,7800
JASA,08/30/2001,4.8,4.8,4.75,4.8,3300
JASA,08/31/2001,4.8,4.8,4.8,4.8,20000
JASA,09/04/2001,4.85,4.85,4.8,4.83,18500
JASA,09/05/2001,4.83,4.9,4.8,4.9,8300
JASA,09/06/2001,5,5.3,5,5.3,93000
JASA,09/07/2001,5.35,5.9,5.35,5.81,32200
JASA,09/10/2001,5.75,5.9,5.7,5.7,13000
JASA,09/17/2001,5.65,5.72,5.6,5.65,12700
JASA,09/18/2001,5.6,5.6,5.25,5.25,13200
JASA,09/19/2001,5.2,5.2,5,5.15,11700
JASA,09/20/2001,5.05,5.05,4.75,4.9,23000
JASA,09/21/2001,4.8,4.95,4.6,4.95,10700
JASA,09/24/2001,4.9,5.1,4.9,5.1,17000
JASA,09/25/2001,5.1,5.7,5.05,5.2,44600
JASA,09/26/2001,5.15,5.15,4.9,5.1,16600
JASA,09/27/2001,5.05,5.2,4.95,4.98,73700
JASA,09/28/2001,4.95,5.4,4.9,5.4,26400
JASA,10/01/2001,5.4,5.4,4.98,5,15400
JASA,10/02/2001,4.9,4.98,4.7,4.98,5600
JASA,10/03/2001,4.88,4.88,4.75,4.86,16600
JASA,10/04/2001,4.8,4.88,4.75,4.86,68700
JASA,10/05/2001,4.8,4.8,4.5,4.78,28700
JASA,10/08/2001,4.72,4.8,4.72,4.8,9500
JASA,10/09/2001,4.75,4.95,4.75,4.82,9100
JASA,10/10/2001,4.75,4.78,4.25,4.7,61200
JASA,10/11/2001,4.6,4.63,4.4,4.54,40400
JASA,10/12/2001,4.55,4.55,4.15,4.48,22300
JASA,10/15/2001,4.5,4.65,4.5,4.64,29400
JASA,10/16/2001,4.64,4.71,4.4,4.55,23300
JASA,10/17/2001,4.55,4.6,4.5,4.6,30600
JASA,10/18/2001,4.65,4.65,4.51,4.55,4000
JASA,10/19/2001,4.6,4.6,4.4,4.5,7800
JASA,10/22/2001,4.5,4.5,4.43,4.45,7600
JASA,10/23/2001,4.45,4.65,4.4,4.65,6400
JASA,10/24/2001,4.65,4.75,4.5,4.63,31700
JASA,10/25/2001,4.65,4.73,4.65,4.7,4800
JASA,10/26/2001,4.72,4.78,4.68,4.7,13300
JASA,10/29/2001,4.65,4.735,4.65,4.7,5100
JASA,10/30/2001,4.65,4.69,4.45,4.62,158700
JASA,10/31/2001,4.61,4.65,4.61,4.62,2700
JASA,11/01/2001,4.62,4.69,4.62,4.69,10500
JASA,11/02/2001,4.69,4.69,4.61,4.63,9400
JASA,11/05/2001,4.65,4.72,4.65,4.69,7100
JASA,11/06/2001,4.63,4.69,4.52,4.69,34800
JASA,11/07/2001,4.65,4.74,4.65,4.74,18200
JASA,11/08/2001,4.84,5.09,4.84,5.07,21800
JASA,11/09/2001,5.05,5.09,4.98,5,12000
JASA,11/12/2001,5,5.1,5,5.1,12300
JASA,11/13/2001,5.2,5.3,5.1,5.18,20500
JASA,11/14/2001,5.2,5.2,4.98,5.08,20300
JASA,11/15/2001,5.1,5.35,5.1,5.35,24000
JASA,11/16/2001,5.37,5.39,5.3,5.34,11900
JASA,11/19/2001,5.35,5.65,5.35,5.6,22100
JASA,11/20/2001,5.68,5.8,5.68,5.8,21300
JASA,11/21/2001,5.95,6.1,5.95,6.09,30000
JASA,11/23/2001,6.19,6.99,6.19,6.95,89000
JASA,11/26/2001,7,7.15,7,7.06,86400
JASA,11/27/2001,7.07,7.15,7,7.09,23600
JASA,11/28/2001,7,7.05,6.98,7.05,18500
JASA,11/29/2001,6.95,6.95,6.2,6.5,57300
JASA,11/30/2001,6.4,6.8,6.37,6.8,25800
JASA,12/03/2001,6.7,6.84,6.56,6.8,65600
JASA,12/04/2001,6.75,6.75,6.57,6.67,25400
JASA,12/05/2001,6.6,6.9,6.6,6.85,11600
JASA,12/06/2001,6.85,7.08,6.85,7.05,84800
JASA,12/07/2001,7.1,7.15,6.97,7,23800
JASA,12/10/2001,7,7.19,7,7.09,39100
JASA,12/11/2001,7.04,7.15,6.9,6.99,20200
JASA,12/12/2001,7,7.01,6.75,6.85,9900
JASA,12/13/2001,6.9,6.9,6.7,6.7,5800
JASA,12/14/2001,6.65,6.85,6.65,6.85,7700
JASA,12/17/2001,6.85,6.95,6.72,6.8,12900
JASA,12/18/2001,6.9,7,6.9,6.99,7500
JASA,12/19/2001,7,7,6.95,7,50900
JASA,12/20/2001,6.99,7.15,6.95,7.05,37600
JASA,12/21/2001,7.05,7.1,6.99,7.03,58500
JASA,12/24/2001,7.13,7.15,7.06,7.06,5600
JASA,12/26/2001,7,7.03,6.95,7,25700
JASA,12/27/2001,7,7.1,6.96,7.1,21400
JASA,12/28/2001,7.1,7.1,7,7.02,18400
JASA,12/31/2001,6.96,7.15,6.96,7.15,21100
JASA,01/02/2002,7.15,7.65,7.15,7.65,41600
JASA,01/03/2002,7.65,7.75,7.45,7.75,57900
JASA,01/04/2002,7.85,8.1,7.71,8.05,49100
JASA,01/07/2002,8.05,8.24,8,8.15,48400
JASA,01/08/2002,8.2,8.49,8.2,8.37,32300
JASA,01/09/2002,8.45,8.59,8.43,8.5,18500
JASA,01/10/2002,8.6,9.5,8.6,9.22,59200
JASA,01/11/2002,9.7,9.78,9.39,9.64,124300
JASA,01/14/2002,9.74,9.74,9.4,9.55,54800
JASA,01/15/2002,9.65,9.72,9.5,9.68,20900
JASA,01/16/2002,9.7,9.7,9.55,9.65,26300
JASA,01/17/2002,9.7,9.74,9.6,9.6,23700
JASA,01/18/2002,9.65,9.73,9.6,9.65,35300
JASA,01/22/2002,9.55,9.9,9.5,9.7,29400
JASA,01/23/2002,9.65,9.7,9.6,9.65,10100
JASA,01/24/2002,9.6,10.1,9.58,10.05,42100
JASA,01/25/2002,10.1,10.28,10.05,10.25,38800
JASA,01/28/2002,10.25,10.25,9.74,9.95,15100
JASA,01/29/2002,10,10.2,10,10.2,23400
JASA,01/30/2002,10.45,10.5,10.05,10.1,19600
JASA,01/31/2002,10.4,10.7,10.3,10.7,29500
JASA,02/01/2002,10.7,11.26,10.61,11.1,37700
JASA,02/04/2002,11.42,11.43,10.9,10.97,33400
JASA,02/05/2002,11.15,11.15,10.76,11,21400
JASA,02/06/2002,11,11,10.7,10.7,11600
JASA,02/07/2002,11.05,11.25,11.05,11.18,97300
JASA,02/08/2002,11.28,12.79,11.28,12.64,58100
JASA,02/11/2002,12.9,13.25,12.65,13.1,49100
JASA,02/12/2002,13.01,13.09,12.85,13.09,33500
JASA,02/13/2002,13.09,13.2,13.08,13.19,31100
JASA,02/14/2002,13.25,13.31,12.4,13.05,26600
JASA,02/15/2002,13.05,13.12,12.9,13.1,9500
JASA,02/19/2002,13.15,13.71,13.05,13.65,28900
JASA,02/20/2002,13.65,13.97,13.61,13.92,50600
JASA,02/21/2002,13.95,14.16,13.91,14.06,28100
JASA,02/22/2002,14.1,14.24,14,14.2,16600
JASA,02/25/2002,14.3,14.35,14.01,14.2,34700
JASA,02/26/2002,14.1,14.5,14.1,14.5,21400
JASA,02/27/2002,14.6,14.65,13.95,14.16,58000
JASA,02/28/2002,14.26,14.34,13.29,13.85,63900
JASA,03/01/2002,13.75,14.5,13.65,14.35,39900
JASA,03/04/2002,14.45,14.45,13.9,14.18,35600
JASA,03/05/2002,14.08,14.08,13.85,13.95,29900
JASA,03/06/2002,13.85,14.08,13.71,14.08,17800
JASA,03/07/2002,14.18,14.5,14.17,14.48,19200
JASA,03/08/2002,14.55,14.96,14.55,14.9,42100
JASA,03/11/2002,14.85,14.85,14.4,14.4,25900
JASA,03/12/2002,14.3,14.55,12.75,12.95,86900
JASA,03/13/2002,13.04,13.19,12.58,12.58,21000
JASA,03/14/2002,12.6,12.6,12.25,12.45,37000
JASA,03/15/2002,12.5,13.45,12.5,13.45,25900
JASA,03/18/2002,13.55,14,13.5,13.85,17700
JASA,03/19/2002,13.95,14.1,13.9,14.01,25100
JASA,03/20/2002,14.11,14.39,14.05,14.21,25000
JASA,03/21/2002,14.26,14.86,14.26,14.85,68900
JASA,03/22/2002,14.95,15.85,14.87,15.6,159000
JASA,03/25/2002,15.6,15.95,15.35,15.81,157300
JASA,03/26/2002,16,16.39,16,16.39,89100
JASA,03/27/2002,16.55,16.7,16.15,16.55,71300
JASA,03/28/2002,16.55,16.6,16.14,16.14,61600
JASA,04/01/2002,16.35,17,16.35,16.5,136400
JASA,04/02/2002,16.57,16.75,16.02,16.02,80000
JASA,04/03/2002,15.92,16.15,15.43,15.45,41400
JASA,04/04/2002,15.35,15.5,14.7,15.1,76200
JASA,04/05/2002,15,15.6,15,15.55,142600
JASA,04/08/2002,16,16.64,15.95,16.25,146000
JASA,04/09/2002,16.45,16.49,16.2,16.4,93600
JASA,04/10/2002,16.4,16.95,16.3,16.95,64300
JASA,04/11/2002,17.3,19.2,17.3,19.2,176100
JASA,04/12/2002,19.05,19.95,19.05,19.71,223000
JASA,04/15/2002,19.61,20.45,19.61,20,165400
JASA,04/16/2002,20.18,20.55,20.05,20.3,87500
JASA,04/17/2002,20.18,20.5,20.15,20.34,87200
JASA,04/18/2002,20.4,20.49,18.05,18.9,116600
JASA,04/19/2002,18.65,18.65,17.65,18.4,146300
JASA,04/22/2002,18.65,19.03,18.4,18.4,88400
JASA,04/23/2002,18.4,18.55,18.36,18.37,33800
JASA,04/24/2002,18.12,18.47,18.1,18.35,45000
JASA,04/25/2002,18.25,18.5,18.25,18.26,45300
JASA,04/26/2002,18.3,18.34,17.88,17.88,127000
JASA,04/29/2002,17.88,19.2,17.87,18.55,85100
JASA,04/30/2002,18.4,19.38,18.4,19.38,80500
JASA,05/01/2002,19.4,19.85,19.4,19.52,60600
JASA,05/02/2002,19.4,19.82,19.4,19.62,47100
JASA,05/03/2002,19.75,20.15,19.5,19.86,47500
JASA,05/06/2002,20.25,21.28,19.9,20.8,116800
JASA,05/07/2002,20.95,21.3,20.65,20.7,43900
JASA,05/08/2002,20.8,21.2,20.6,20.99,41000
JASA,05/09/2002,22,24.05,22,23.12,332800
JASA,05/10/2002,23.37,25,23.23,24.39,151400
JASA,05/13/2002,24.64,25.18,24.05,24.35,119300
JASA,05/14/2002,24.1,24.69,24.01,24.5,97000
JASA,05/15/2002,24.7,24.7,23.45,23.6,45800
JASA,05/16/2002,23.4,23.84,22.35,23.35,161000
JASA,05/17/2002,23.1,24.3,23,23,46400
JASA,05/20/2002,23.2,24.45,23.05,24.25,99900
JASA,05/21/2002,24.7,24.7,23.5,23.57,95500
JASA,05/22/2002,23.57,23.57,22.59,23.1,92600
JASA,05/23/2002,23.2,23.25,22.61,22.95,50400
JASA,05/24/2002,22,22,21,21.54,183500
JASA,05/28/2002,21.3,21.38,20.9,21.18,150200
JASA,05/29/2002,21.18,22.7,21.18,22.7,113200
JASA,05/30/2002,22.85,22.85,22.36,22.48,46800
JASA,05/31/2002,22.7,23.3,22.61,23.11,81600
JASA,06/03/2002,22.71,23.34,22.71,23,58500
JASA,06/04/2002,23.25,23.25,22.8,22.9,36300
JASA,06/05/2002,22.9,23.59,22.85,23.51,53400
JASA,06/06/2002,23.52,23.54,23.12,23.23,30900
JASA,06/07/2002,23.24,23.9,22.9,23.75,46700
JASA,06/10/2002,24.25,25,24.19,24.47,99200
JASA,06/11/2002,24.65,24.87,24.5,24.6,96300
JASA,06/12/2002,24.75,25.1,24.55,25,84700
JASA,06/13/2002,24.95,27.11,24.95,26.96,337500
JASA,06/14/2002,27,27.9,26.2,27.05,125700
JASA,06/17/2002,26.8,28,26.8,27.4,156100
JASA,06/18/2002,27.15,27.65,27.15,27.27,57800
JASA,06/19/2002,27.5,27.5,25.25,25.25,115500
JASA,06/20/2002,25.6,26.3,25.55,25.9,88300
JASA,06/21/2002,26.05,27.15,25.8,27.15,93600
JASA,06/24/2002,27.2,27.55,27.2,27.38,56000
JASA,06/25/2002,27.6,28.34,27.35,28.31,143300
JASA,06/26/2002,28.08,28.3,27.55,28.15,135400
JASA,06/27/2002,28.15,29.25,27.84,29.25,173800
JASA,06/28/2002,29,29.2,28.31,29.2,783200
JASA,07/01/2002,29.1,29.11,27.6,27.83,192600
JASA,07/02/2002,27.5,27.5,26.2,26.5,119400
JASA,07/03/2002,26.65,26.94,25,25.71,100500
JASA,07/05/2002,25.9,26.55,25.9,26.55,45600
JASA,07/08/2002,26.55,26.55,26.02,26.36,120400
JASA,07/09/2002,26.28,27.1,26.28,26.84,112000
JASA,07/10/2002,26.3,26.9,26.3,26.62,107800
JASA,07/11/2002,27,27.74,26.26,26.8,100900
JASA,07/12/2002,26.9,27.51,26.85,27.2,70000
JASA,07/15/2002,27.45,27.47,26.3,26.75,80100
JASA,07/16/2002,26.95,27.05,25.4,25.45,99600
JASA,07/17/2002,25.45,26.12,23.18,23.49,203500
JASA,07/18/2002,23.2,23.7,22.5,23.3,124700
JASA,07/19/2002,23.05,23.05,21.6,22.6,193300
JASA,07/22/2002,22.35,22.35,19,19.15,245200
JASA,07/23/2002,19.35,20.7,19.35,20.4,175000
JASA,07/24/2002,20.15,22.95,19.77,22.8,182500
JASA,07/25/2002,23.05,23.8,22.6,23.56,59000
JASA,07/26/2002,23.81,24.69,23.7,24.45,69100
JASA,07/29/2002,24.9,28,24.9,27.6,172600
JASA,07/30/2002,27.85,27.85,26.3,27.15,102700
JASA,07/31/2002,27.05,27.1,25.81,25.92,86000
JASA,08/01/2002,25.93,26.35,25.72,25.91,53100
JASA,08/02/2002,25.99,25.99,23.85,23.9,92600
JASA,08/05/2002,23.9,24.2,23.5,23.5,108400
JASA,08/06/2002,23.75,24.79,23.75,24.7,78200
JASA,08/07/2002,25.2,27.49,24.8,27,140000
JASA,08/08/2002,27.5,27.99,27.35,27.61,105500
JASA,08/09/2002,27.49,27.55,26.7,26.92,67500
JASA,08/12/2002,25.5,26.08,25.5,26,72900
JASA,08/13/2002,25.8,26.49,25.78,26.15,41000
JASA,08/14/2002,26.05,27.89,26.05,27.6,89700
JASA,08/15/2002,27.98,29.95,27.97,29.7,270600
JASA,08/16/2002,29.7,29.72,29,29.7,133200
JASA,08/19/2002,29.85,32.35,29.58,31.6,324900
JASA,08/20/2002,31.61,31.93,30.8,31.6,294400
JASA,08/21/2002,31.6,31.65,31.02,31.25,265600
JASA,08/22/2002,31.26,31.26,29.45,29.5,122900
JASA,08/23/2002,29.5,29.5,27.56,27.96,268400
JASA,08/26/2002,28.3,29.84,28.3,29.64,239800
JASA,08/27/2002,29.64,30.36,29.3,29.71,193800
JASA,08/28/2002,29.71,30.05,28.15,28.5,166600
JASA,08/29/2002,28.75,30.75,28.75,29.97,273000
JASA,08/30/2002,30,30.99,29.99,30,152500
JASA,09/03/2002,29.5,29.8,28.28,28.29,109400
JASA,09/04/2002,28.29,30.35,28.29,30.3,132000
JASA,09/05/2002,30.3,30.94,30.07,30.65,245100
JASA,09/06/2002,30.9,32.37,30.78,32.1,257000
JASA,09/09/2002,32,32.43,31.7,32.05,266700
JASA,09/10/2002,32.06,32.6,32.06,32.55,140400
JASA,09/11/2002,32.8,33.59,32.65,33.4,208000
JASA,09/12/2002,33.39,33.98,33.15,33.75,177600
JASA,09/13/2002,33.35,33.4,32.58,33.1,172400
JASA,09/16/2002,33.1,33.1,31.29,31.5,294300
JASA,09/17/2002,31.75,32,30.81,30.81,171500
JASA,09/18/2002,30,30.1,28.9,29.8,281200
JASA,09/19/2002,29.6,30.64,29.5,30.06,137300
JASA,09/20/2002,29,29.93,29,29.09,151600
JASA,09/23/2002,28.75,28.76,27.2,27.48,199100
JASA,09/24/2002,26.9,27.72,26.63,27.62,177300
JASA,09/25/2002,28.2,29.91,27.95,29.8,229300
JASA,09/26/2002,29.92,31.25,29.86,30.79,251000
JASA,09/27/2002,30.5,30.65,29.95,30.15,103400
JASA,09/30/2002,29.25,29.38,27.6,28.04,254900
JASA,10/01/2002,28.44,29.1,27.92,29.09,204600
JASA,10/02/2002,29.2,29.2,28,28.77,209200
JASA,10/03/2002,29.2,29.2,24.85,25.41,513900
JASA,10/04/2002,25.05,25.3,22.9,25.3,363200
JASA,10/07/2002,25.05,25.3,23.56,25.22,253900
JASA,10/08/2002,25.62,27.48,25.62,27.4,260700
JASA,10/09/2002,27.25,27.41,23.4,23.6,304700
JASA,10/10/2002,23.8,24.9,23.2,24,247200
JASA,10/11/2002,24.25,24.8,23.7,23.82,321800
JASA,10/14/2002,23.7,24.27,23.5,24.26,290200
JASA,10/15/2002,24.7,25.55,24.7,25.2,245500
JASA,10/16/2002,25.05,25.21,23.82,25.1,359600
JASA,10/17/2002,27,27.35,26.4,27.15,252500
JASA,10/18/2002,26.95,27.67,26.4,27.45,102800
JASA,10/21/2002,27.5,27.5,26.5,26.76,96300
JASA,10/22/2002,26.9,26.9,25.7,25.7,86100
JASA,10/23/2002,25.7,25.89,24.33,25.6,186400
JASA,10/24/2002,25.85,26.72,25.85,26.5,131700
JASA,10/25/2002,26.5,26.5,25.45,26.5,111600
JASA,10/28/2002,26.25,26.25,24.64,24.66,112700
JASA,10/29/2002,24.91,24.95,23,23.99,227000
JASA,10/30/2002,24.2,24.2,23,23.35,85900
JASA,10/31/2002,23.1,24.35,23.1,24.35,175200
JASA,11/01/2002,24.6,24.96,24.255,24.88,132700
JASA,11/04/2002,24.63,24.94,24.37,24.6,106200
JASA,11/05/2002,24.35,25.29,24.35,25.29,126600
JASA,11/06/2002,25.5,26.9,25.25,26.55,151300
JASA,11/07/2002,26.56,26.56,23.61,24.23,311100
JASA,11/08/2002,24,24.33,23.2,23.46,147700
JASA,11/11/2002,23,23.01,21.31,21.81,305600
JASA,11/12/2002,21.6,22.63,21.6,22,193400
JASA,11/13/2002,21.65,22.45,21.55,22.38,112100
JASA,11/14/2002,22.63,23.48,22.63,23.4,121500
JASA,11/15/2002,23.15,24.2,23.15,23.77,167800
JASA,11/18/2002,23,24.34,23,23.8,121100
JASA,11/19/2002,24.5,24.99,23.83,24.38,322600
JASA,11/20/2002,24.5,25.1,24.28,24.89,145300
JASA,11/21/2002,25.05,25.5,24,24.22,128300
JASA,11/22/2002,24.25,24.4,23.8,24.1,90100
JASA,11/25/2002,24.1,24.1,23.2,23.95,230100
JASA,11/26/2002,24.05,24.21,23.4,23.83,162400
JASA,11/27/2002,24.3,24.98,24.11,24.49,217200
JASA,11/29/2002,24.59,24.8,24.27,24.37,71200
JASA,12/02/2002,24.62,26.65,24.55,26.19,206900
JASA,12/03/2002,26.4,26.75,25.42,25.8,149800
JASA,12/04/2002,25.65,26.45,25.37,26.2,137000
JASA,12/05/2002,26.4,26.48,25.84,26.4,109600
JASA,12/06/2002,26.15,26.16,25.35,25.68,133200
JASA,12/09/2002,25.6,25.65,25.26,25.27,80200
JASA,12/10/2002,25.28,25.4201,24.9,25.2,128000
JASA,12/11/2002,25.3,25.9,24.82,25.7,146400
JASA,12/12/2002,25.95,26.47,25.6,25.8,103600
JASA,12/13/2002,25.75,25.75,25.15,25.28,49800
JASA,12/16/2002,25.28,25.28,24.65,24.7,185400
JASA,12/17/2002,24.55,24.7,24,24.18,140900
JASA,12/18/2002,24.19,24.19,22.52,23.09,196500
JASA,12/19/2002,23.1,23.83,22.94,23.77,153500
JASA,12/20/2002,24,25.01,24,24.8,139700
JASA,12/23/2002,24.81,25.46,24.7,25.45,106200
JASA,12/24/2002,25.45,25.9,25.35,25.7,38000
JASA,12/26/2002,25.55,25.6,24.03,24.1,171200
JASA,12/27/2002,24.25,24.25,23.25,23.32,86000
JASA,12/30/2002,23.1,23.39,22.5,23.05,163900
JASA,12/31/2002,23.2,23.6,22.73,22.97,204700
JASA,01/02/2003,22.85,23.54,22.85,23.16,141000
JASA,01/03/2003,23.05,23.37,22.9,22.92,233900
JASA,01/06/2003,22.7,23.13,22.6,22.65,202600
JASA,01/07/2003,22.2,22.95,21.75,22.59,369300
JASA,01/08/2003,22.34,23.66,22.28,23.54,286400
JASA,01/09/2003,25,25.23,24.4,24.5,434200
JASA,01/10/2003,24.65,24.72,23.96,24.55,169000
JASA,01/13/2003,24.75,25.18,24.39,24.98,206400
JASA,01/14/2003,24.75,25.28,24.71,25,148300
JASA,01/15/2003,24.99,25.5,24.54,25.5,155500
JASA,01/16/2003,25.39,26.95,25.14,26.55,288300
JASA,01/17/2003,26.55,27.06,26.24,26.35,234900
JASA,01/21/2003,26.5,27,26.3,26.64,208800
JASA,01/22/2003,26.65,27.25,26.29,26.61,238900
JASA,01/23/2003,26.85,27.5,26.65,26.85,137200
JASA,01/24/2003,26.75,26.84,26.31,26.48,179000
JASA,01/27/2003,26.6,26.65,26.2,26.3,141800
JASA,01/28/2003,26.25,26.7,26.01,26.3,161500
JASA,01/29/2003,26.15,26.21,25.64,25.85,103700
JASA,01/30/2003,25.75,26.01,25.26,25.69,160500
JASA,01/31/2003,25.69,26.6,25.6,26.18,193900
JASA,02/03/2003,26.25,26.25,25.65,25.67,147300
JASA,02/04/2003,25.67,26.3,25.4,26.12,273600
JASA,02/05/2003,26.12,26.12,25.65,26,182000
JASA,02/06/2003,25.65,25.85,23.5,23.7,554200
JASA,02/07/2003,23.85,24.19,22.5,22.52,424600
JASA,02/10/2003,22.5,23.3,22,22.49,366500
JASA,02/11/2003,22.4,22.95,21.51,22.2,285300
JASA,02/12/2003,22.35,23,22.15,22.46,209400
JASA,02/13/2003,22.55,22.6,21.96,22.19,98500
JASA,02/14/2003,22.1,23,22.1,22.78,229500
JASA,02/18/2003,22.95,23.15,22.8,22.95,89900
JASA,02/19/2003,22.87,22.87,21.9,22.35,166400
JASA,02/20/2003,22.3,22.47,21.7,21.76,134900
JASA,02/21/2003,21.55,21.7,21,21.4,171800
JASA,02/24/2003,20.7,21.21,20.66,21.06,173200
JASA,02/25/2003,21.1,21.25,20.3,21.09,258600
JASA,02/26/2003,21.1,21.1,20,20.12,520100
JASA,02/27/2003,19.9,20.15,19.6,20,288600
JASA,02/28/2003,19.9,20.45,19.9,20.11,101000
JASA,03/03/2003,19.95,20.5,19.9,20.2,185100
JASA,03/04/2003,20.1,20.33,19.42,19.6,225100
JASA,03/05/2003,19.4,19.4,16.99,17.81,777500
JASA,03/06/2003,18,20.03,17.9,19.89,594300
JASA,03/07/2003,19.5,20.69,19.25,19.67,349500
JASA,03/10/2003,19.52,20.38,19.52,20.28,324000
JASA,03/11/2003,20.28,20.28,17.31,17.4,881400
JASA,03/12/2003,16.75,17.37,16.75,16.9,340700
JASA,03/13/2003,17.51,18.23,17.47,18.1,357400
JASA,03/14/2003,18.35,18.35,17.71,17.8,190400
JASA,03/17/2003,17.9,18.94,17.75,18.87,186700
JASA,03/18/2003,19,19.24,18.6,19.19,263100
JASA,03/19/2003,19.24,19.3,19.06,19.25,183900
JASA,03/20/2003,19.25,19.5,18.95,19.39,156500
JASA,03/21/2003,19.3,20.15,19.3,20.05,137600
JASA,03/24/2003,20,20,19,19.28,234200
JASA,03/25/2003,19.4,20.04,19.31,19.82,106000
JASA,03/26/2003,20.05,20.45,19.9,19.99,137300
JASA,03/27/2003,19.9,19.9,19.49,19.76,89900
JASA,03/28/2003,19.76,19.76,19.25,19.3,152200
JASA,03/31/2003,19.27,20.2,19.26,20,243300
JASA,04/01/2003,20,20.25,19.8,20.12,221800
JASA,04/02/2003,20.2,20.75,20.15,20.65,117500
JASA,04/03/2003,20.75,20.9,20.38,20.54,259800
JASA,04/04/2003,20.65,20.7,19.71,20,137600
JASA,04/07/2003,20.4,21.59,20.4,21.5,281800
JASA,04/08/2003,21.52,21.55,21.26,21.38,88100
JASA,04/09/2003,21.5,21.61,21,21.01,51100
JASA,04/10/2003,21.01,22.4,21.01,22.25,258300
JASA,04/11/2003,22.75,22.75,22.04,22.05,61800
JASA,04/14/2003,22.1,22.79,22,22.73,129800
JASA,04/15/2003,22.73,23.65,22.53,23.5,177500
JASA,04/16/2003,23.6,23.9,23.42,23.76,97000
JASA,04/17/2003,23.76,24.49,23.76,24.29,102900
JASA,04/21/2003,24.25,25.44,24.23,25.1,242900
JASA,04/22/2003,25.03,25.09,24.73,24.9,168900
JASA,04/23/2003,24.98,24.98,24.01,24.15,125300
JASA,04/24/2003,24.15,24.16,23.35,23.5,131500
JASA,04/25/2003,23.51,23.87,23.3,23.62,106700
JASA,04/28/2003,23.6,24.85,23.6,24.75,79500
JASA,04/29/2003,24.75,25.4,24.62,25.1,93900
JASA,04/30/2003,25,26.26,24.9,26,166500
JASA,05/01/2003,26,26,25.5,25.51,247500
JASA,05/02/2003,25.3,26.19,25.3,26.19,88200
JASA,05/05/2003,26.05,26.4,25.9,26.2,66500
JASA,05/06/2003,26.21,26.49,26.21,26.41,66500
JASA,05/07/2003,26.41,26.7,26.05,26.06,160300
JASA,05/08/2003,24.2,24.5,23.26,23.43,435600
JASA,05/09/2003,23.43,24.48,23,23.95,236100
JASA,05/12/2003,23.96,24,23.5,23.71,69400
JASA,05/13/2003,23.71,24.2,23.48,24.15,102200
JASA,05/14/2003,23.7,23.84,23.5,23.66,148700
JASA,05/15/2003,23.66,23.7,22.45,22.79,185500
JASA,05/16/2003,22.79,22.79,21.8,21.8,149100
JASA,05/19/2003,22,22,21.12,21.45,121200
JASA,05/20/2003,21.45,21.46,19.57,19.98,768900
JASA,05/21/2003,20.08,20.14,19.61,20,292400
JASA,05/22/2003,20,20.4,19.95,20.27,208800
JASA,05/23/2003,20.23,20.64,20.16,20.49,242100
JASA,05/27/2003,20.49,21.58,20.49,21.38,200400
JASA,05/28/2003,21.18,21.85,20.96,21.16,188600
JASA,05/29/2003,21.23,21.5,21.05,21.5,112600
JASA,05/30/2003,21.5,22.9,21.41,22.72,295100
JASA,06/02/2003,22.95,23.25,22.55,22.85,222200
JASA,06/03/2003,22.65,22.94,22.1,22.19,134600
JASA,06/04/2003,22.25,22.25,21.97,22.19,110700
JASA,06/05/2003,22.19,23.43,21.77,23.35,176300
JASA,06/06/2003,23.43,23.71,23.1,23.14,125700
JASA,06/09/2003,23,23.56,22.99,23.51,211700
JASA,06/10/2003,23.51,23.8,23.3,23.65,227700
JASA,06/11/2003,23.7,24.1,23.51,23.61,100900
JASA,06/12/2003,23.75,24,23.67,23.91,35900
JASA,06/13/2003,23.91,24.1,23.62,23.8,134600
JASA,06/16/2003,23.95,24.45,23.95,24.28,80900
JASA,06/17/2003,24.4,24.4,23.73,24.05,162200
JASA,06/18/2003,24.05,24.25,23.93,24.25,60400
JASA,06/19/2003,24.25,25,24.23,24.4,233600
JASA,06/20/2003,24.49,24.65,24.41,24.57,120900
JASA,06/23/2003,24.6,24.65,24.05,24.25,235000
JASA,06/24/2003,24.2,24.55,24.2,24.27,69100
JASA,06/25/2003,24.27,24.71,24.2,24.55,141200
JASA,06/26/2003,24.55,25.65,24.5,25.51,180900
JASA,06/27/2003,25.45,25.93,25.25,25.51,230200
JASA,06/30/2003,25.65,26.1,25.3,25.3,358800
JASA,07/01/2003,25.4,25.9,24.8,25.9,170200
JASA,07/02/2003,25.9,26.06,25.45,25.85,112800
JASA,07/03/2003,25.85,25.85,25.5,25.59,58900
JASA,07/07/2003,25.83,26.85,25.83,26.85,148300
JASA,07/08/2003,26.92,28.7,26.6,28.42,179200
JASA,07/09/2003,28.28,28.4,27.34,27.35,242000
JASA,07/10/2003,26.9,26.95,25.6,26.02,179500
JASA,07/11/2003,26.2,27.15,26.2,26.95,62300
JASA,07/14/2003,27.2,27.3,25.74,26.19,202300
JASA,07/15/2003,26.3,26.5,26.1,26.35,166200
JASA,07/16/2003,26.25,26.28,25.2,25.44,89600
JASA,07/17/2003,25.3,25.35,24.59,24.78,99500
JASA,07/18/2003,24.9,25.72,24.7,25.55,83600
JASA,07/21/2003,25.3,25.67,24.77,25,140700
JASA,07/22/2003,24.75,25.08,24.44,24.6,133600
JASA,07/23/2003,24.6,25.05,24.35,24.9,60800
JASA,07/24/2003,25.01,25.05,24.51,24.85,110400
JASA,07/25/2003,24.75,24.99,24.36,24.75,149400
JASA,07/28/2003,24.62,25.27,24.62,25.07,110900
JASA,07/29/2003,25.3,26.8,25.23,26.76,113700
JASA,07/30/2003,26.77,26.9,26.55,26.81,89000
JASA,07/31/2003,26.81,27.95,26.75,27.05,110700
JASA,08/01/2003,27.15,27.19,26.56,26.71,37800
JASA,08/04/2003,26.6,26.67,26.15,26.25,73700
JASA,08/05/2003,26.25,26.6,25.9,26.6,117400
JASA,08/06/2003,27.1,27.99,26.3,26.4,225600
JASA,08/07/2003,26.55,26.55,25.4,25.78,97700
JASA,08/08/2003,25.75,26.61,25.55,26.43,46900
JASA,08/11/2003,26.43,27.15,26.43,26.7,85500
JASA,08/12/2003,26.7,28.23,26.7,28.2,120400
JASA,08/13/2003,28.05,28.05,27.3,27.55,43900
JASA,08/14/2003,27.45,27.64,27.11,27.45,45300
JASA,08/15/2003,27.6,27.98,27.5,27.5,17700
JASA,08/18/2003,27.75,29.22,27.72,29.11,125000
JASA,08/19/2003,28.95,29.1,28.55,28.95,194100
JASA,08/20/2003,28.96,29.21,28.85,29,67000
JASA,08/21/2003,29.01,29.21,28.51,28.92,81200
JASA,08/22/2003,29.01,29.2,28.26,28.65,63400
JASA,08/25/2003,28.65,28.98,28.65,28.91,43300
JASA,08/26/2003,28.81,29.08,28.35,28.98,54600
JASA,08/27/2003,29.13,30.12,29.12,29.98,193300
JASA,08/28/2003,30.6,30.9,30.11,30.35,218100
JASA,08/29/2003,30.35,30.36,30.15,30.2,32100
JASA,09/02/2003,30.2,30.39,29.93,30.08,44000
JASA,09/03/2003,30,31.3,30,31.2,93200
JASA,09/04/2003,31.2,31.45,30.6,30.8,58400
JASA,09/05/2003,30.8,30.93,30.25,30.4,39400
JASA,09/08/2003,30.3,30.3,28.62,29.07,141400
JASA,09/09/2003,29.15,29.42,28.85,29,55000
JASA,09/10/2003,29,29.06,28.6,28.9,102300
JASA,09/11/2003,28.85,29.19,28.75,29.14,79200
JASA,09/12/2003,29.04,29.24,28.93,29.14,118500
JASA,09/15/2003,29.09,29.27,28.81,28.85,113800
JASA,09/16/2003,28.95,29.1,28.6,29.05,64100
JASA,09/17/2003,28.9,28.95,28.53,28.9,28000
JASA,09/18/2003,28.89,29,28.75,28.83,21000
JASA,09/19/2003,28.7,29.3,28.7,28.95,75200
JASA,09/22/2003,28.8,28.81,28.3,28.5,78700
JASA,09/23/2003,28.25,28.95,28.25,28.75,20100
JASA,09/24/2003,28.75,28.94,28.7,28.72,52400
JASA,09/25/2003,28.7,29.57,28.7,28.72,102900
JASA,09/26/2003,28.72,28.76,27.9,27.9,66200
JASA,09/29/2003,28,28,27.3,27.72,41200
JASA,09/30/2003,27.72,28.18,27.51,27.9,158600
JASA,10/01/2003,27.9,28.5,27.9,28.4,56200
JASA,10/02/2003,28.3,28.46,27.96,28.35,49800
JASA,10/03/2003,28.45,29.27,28.45,29.21,76800
JASA,10/06/2003,29.02,29.5,29.02,29.45,47200
JASA,10/07/2003,29.4,30.86,29.4,30.02,331000
JASA,10/08/2003,30,30.4,29.82,29.86,109600
JASA,10/09/2003,30,30.24,29.25,29.6,258500
JASA,10/10/2003,29.4,29.5,29,29.19,183300
JASA,10/13/2003,29.15,29.75,29.15,29.52,153500
JASA,10/14/2003,29.5,29.87,29.46,29.85,70700
JASA,10/15/2003,30,30,29.25,29.9,80600
JASA,10/16/2003,29.75,29.75,29.27,29.66,64000
JASA,10/17/2003,29.8,29.8,28.8,28.83,97000
JASA,10/20/2003,29.08,29.15,28.46,28.86,120100
JASA,10/21/2003,29,30.11,29,29.94,143500
JASA,10/22/2003,29.8,30.08,29.6,29.93,161600
JASA,10/23/2003,29.85,30.1,29.7,29.96,82900
JASA,10/24/2003,29.88,29.88,29.57,29.7,46200
JASA,10/27/2003,29.65,30.25,29.65,30.23,35400
JASA,10/28/2003,30.1,32.01,30.07,31.48,107100
JASA,10/29/2003,31.23,31.35,30.35,30.85,87900
JASA,10/30/2003,31.05,31.07,30.55,30.55,35400
JASA,10/31/2003,30.4,30.6,30,30.01,69500
JASA,11/03/2003,30.01,30.6,30.01,30.45,49000
JASA,11/04/2003,30.44,31.14,30.35,30.75,93500
